,公司代號,公司名稱,公司簡稱,產業類別,外國企業註冊地國,住址,營利事業統一編號,董事長,總經理,發言人,發言人職稱,代理發言人,總機電話,成立日期,上市日期,普通股每股面額,實收資本額(元),已發行普通股數或TDR原發行股數,私募普通股(股),特別股(股),編製財務報告類型,普通股盈餘分派或虧損撥補頻率,普通股年度(含第4季或後半年度)現金股息及紅利決議層級,股票過戶機構,過戶電話,過戶地址,簽證會計師事務所,簽證會計師1,簽證會計師2,英文簡稱,英文通訊地址,傳真機號碼,電子郵件信箱,公司網址,投資人關係聯絡人,投資人關係聯絡人職稱,投資人關係聯絡電話,投資人關係聯絡電子郵件,公司網站內利害關係人專區網址
0,1503,士林電機廠股份有限公司,士電,電機機械,－,台北市士林區中山北路六段88號16樓,11039306,許育瑞,謝漢章,程相智,事業群總經理,董濟仁,02-2834-2662,44/11/03,58/12/15,新台幣 10.0000元,5209722230,520972223,0,0,合併,每年,股東會,本公司股務組,2834-2662#366,台北市士林區中山北路六段90號2樓,勤業眾信聯合會計師事務所,陳致源,楊清鎮,SEEC,"FL.16, NO.88, SEC.6, CHUNG SHAN N. RDTAIPEI, TAIWAN, R.O.C.",02-2836-6187,fnd@seec.com.tw,www.seec.com.tw,李盈助,處長,(02)2834-2662,ahkem@seec.com.tw,https://www.seec.com.tw/Content/Qr/List.aspx?SiteID=10&MmmID=707056724650466542
1,1504,東元電機股份有限公司,東元,電機機械,－,臺北市南港區三重路19-9號5樓,11332202,邱純枝,連昭志,簡世雄,處長,劉安炳,2655-3333,45/06/12,62/11/05,新台幣 10.0000元,21387966160,2138796616,0,0,合併,每年,董事會,台新證券股務代理部,02-25048125,台北市中山區建國北路一段９６號地下一樓,資誠聯合會計師事務所,吳郁隆,周建宏,TECO,"5F, NO.19-9,SAN CHONG RD. NAN-KANGTAIPEI TAIWAN",2655-2291,ir@teco.com.tw,http://www.teco.com.tw,簡世雄,處長,02-2655-3333,ir@teco.com.tw,http://www.teco.com.tw/csr/default.aspx?gid=1&nid=11
2,1506,正道工業股份有限公司,正道,電機機械,－,台南市仁德區大甲里中正西路1015號,68193807,郭建廷,羅仕溢,羅仕溢,總經理,黃俊達,06-266 4101,54/03/13,69/08/11,新台幣 10.0000元,1791617510,179161751,46000000,0,合併,每年,股東會,元大證券股份有限公司,02-2586 5859,台北市承德路三段210號B1,安侯建業聯合會計師事務所,連淑凌,吳趙仁,R.W.,"NO.1015 CHUNG CHENG WEST RD.,TA CHIA VILLAGE JENG-DER SHIANGTAINAN SHIEN,TAIWAN R.O.C.",06-266 4374,rw681938@ms26.hinet.net,http://www.rightway.com.tw,黃俊達,經理,06-2664101#1688,Don.Huang@rightway.tw,http://www.rightway.com.tw
3,1507,永大機電工業股份有限公司,永大,電機機械,－,台北市復興北路99號11樓,11166702,株式會社日立製作所代表人長島真,蔡尚育,林東昇,協理,張瑞薰,02-2717-2217,55/07/09,78/11/09,新台幣 10.0000元,4108200000,410820000,0,0,合併,每年,股東會,永大機電工業股份有限公司股務課,02-27172217,台北市復興北路99號11樓,建昇財稅聯合會計師事務所,林昇平,陳仁基,YUNGTAY,"11F., No.99, Fuxing N. Rd.,Taipei City, Taiwan (R.O.C.)",02-2718-6082,service@yungtay.com.tw,www.yungtay.com.tw,張瑞薰,經理,02-27172217,yt1300@yungtay.com.tw,http://www.yungtay.com.tw/stakeholder.php
4,1513,中興電工機械股份有限公司,中興電,電機機械,－,新北市中和區中正路801號3樓,33029464,江義福,郭慧娟,郭慧娟,總經理,賴靜鳳,(03)3284170,45/05/01,83/03/08,新台幣 10.0000元,4761343100,476134310,0,0,合併,每年,股東會,凱基證券股份有限公司,(02)2389-2999,台北市重慶南路一段2號5樓,國富浩華聯合會計師事務所,林金鳳,張亞荃,CHEM,"NO.25,Wen-Te.,Kwei Shan Hsiang,Taoyuan Hsien,TAIWAN R.O.C.",(03)3284155,TW006525@CHEM.COM.TW,WWW.CHEM.COM.TW,賴靜鳳,處長,(03)3284170#2101,TW006466@CHEM.COM.TW,WWW.CHEM.COM.TW/A_CONTACT.ASPX
5,1514,亞力電機股份有限公司,亞力,電機機械,－,台北市南港區三重路19-11號12樓,03213392,慧德實業有限公司代表人宋和業,鄭朝彬,鄧春生,副總經理,詹益源,(02)2655-3456,57/09/25,83/03/26,新台幣 10.0000元,2283266720,228326672,0,0,合併,每年,股東會,元大證券股份有限公司,(02)2586-5859,台北市承德路三段210號B1,惠眾聯合會計師事務所,卓敏枝,項文婷,AEC,"12F,NO.19-11,San-Chung RoadTaipei ,Taiwan ,R.O.C",26553388,sales@allis.com.tw,www.allis.com.tw,詹益源,會計主管,(02)26553456-2640,jamesjan@allis.com.tw,https://goo.gl/Dc81zK
6,1515,力山工業股份有限公司,力山,電機機械,－,台中市大里區仁化路261號,55759180,王冠祥,王冠祥,莊政勳,副總經理,許森源,04-24914141,62/04/30,84/02/04,新台幣 10.0000元,1814735000,181473500,0,0,合併,每年,董事會,中國信託商業銀行代理部,(02)6636-5566,台北市重慶南路一段83號5樓,安侯建業聯合會計師事務所,郭士華,吳俊源,REXON,"NO.261, Jen Hwa RDTali, Taichung, Taiwan",04-24910371,circe.ho@rexon.com.tw,http://www.rexon.net,莊政勳,副總經理,04-24914141#6691,liny.lin@rexon.com.tw,https://www.rexon.net/home02.aspx?ID=$5702&IDK=2&EXEC=L
7,1517,利奇機械工業股份有限公司,利奇,電機機械,－,彰化縣彰化市石牌里石牌路一段112號,59008318,林育新,林育新,李育政,管理部經理,蔡芳珠,04-7382121,62/05/16,84/11/14,新台幣 10.0000元,2278250070,227825007,0,0,合併,每年,股東會,福邦證券股份有限公司,(02)2371-1658,(10041) 台北市中正區忠孝西路一段6號6樓,勤業眾信聯合會計師事務所,蘇定堅,曾棟鋆,Lee Chi,"NO. 112 , SEC. 1 , SHIPAI RD,CHANGHUA,TAIWAN,ROC.",04-7371283,gmoe@leechi.com.tw,www.leechi.com.tw,李育政,管理部經理,04-7382121,gmoe@leechi.com.tw,http://www.leechi.com.tw/our_5.html
8,1519,華城電機股份有限公司,華城,電機機械,－,桃園市中壢區吉林路10號,33284077,許邦福,許逸德/許逸晟(執行長),許逸德,總經理,邱旭蘭,02-27047001,58/08/26,86/04/16,新台幣 10.0000元,2610585480,261058548,0,0,合併,每年,董事會,台新綜合證券(股)公司股務代理部,02-25048125,台北市建國北路一段96號B1,勤業眾信聯合會計師事務所,龔則立,李穗青,FE,"No.10, Jilin Rd.,Zhongli City, Taoyuan County, R.O.C.",02-27047005,Ted@fortune.com.tw,www.fortune.com.tw,許逸德,總經理,02-27047001-218,ted@fortune.com.tw,https://www.fortune.com.tw/contact_stakeholder.aspx
9,1526,日馳企業股份有限公司,日馳,電機機械,－,桃園市蘆竹區海山中街51號,11099726,徐義雄,徐義雄,徐予霖,副總經理,葉永禎,(03)3543900,61/05/26,89/03/27,新台幣 10.0000元,600000000,60000000,0,0,合併,每年,股東會,日盛證券股份有限公司,(02)2541-9977,台北市中山區南京東路二段85號7樓,霈昇聯合會計師事務所,林憲章,王新元,SUNRACE,"NO.51, Haishan Central StreetLuzhu District, Taoyuan City, Taiwan",(03)354-4988,tonyyeh@sunrace.com,www.sunrace.com,徐予霖,副總經理,(03)3543900,meilian.zhu@sunrace.com,www.sunrace.tw
10,1527,鑽全實業股份有限公司,鑽全,電機機械,－,台中市工業區36路24號,20982120,賴伯彥先生,賴伯彥先生,陳盈助先生,高級專員,顏慶迎先生,(04)23598877,72/07/02,89/06/21,新台幣 10.0000元,1385706400,138570640,0,0,個別,每年,股東會,群益金鼎證券股份有限公司,(02)27023999,台北市106大安區敦化南路二段97號B2,安侯建業聯合會計師事務所,吳俊源,郭士華,BASSO,"NO.24,36TH RD.,TAICHUNG INDUSTRIAL ZONETAICHUNG.TAIWAN,R.O.C",(04)23598869,Leo.Chen@basso.com.tw,www.basso.com.tw,陳盈助先生,高級專員,(04)23598877-1619,leo.chen@basso.com.tw,www.basso.com.tw
11,1528,恩德科技股份有限公司,恩德,電機機械,－,台北市中山北路6段88號5樓,11551634,廖文嘉,李明哲,黃逸嫺,董事長特別助理,林其泉,(02)28376866,61/07/21,89/09/11,新台幣 10.0000元,1993310000,199331000,0,0,合併,每年,股東會,凱基證券股務代理部,(02)2389-2999,台北市重慶南路一段2號5樓,勤業眾信聯合會計師事務所,陳培德,郭俐雯,ANDERSON,"5F., No.88, Sec. 6, Zhongshan N. Rd.,Taipei,Taiwan,R.O.C.",(02)28321866,daphne@anderson.com.tw,http://www.anderson.com.tw,黃逸嫺,董事長特別助理,(02)28376866,daphne@anderson.com.tw,www.anderson.com.tw
12,1529,樂士股份有限公司,樂士,電機機械,－,台南市北區成功路114號7樓之1,34211074,陳龍發,楊邦寬,陳龍發,董事長,許明杰,(02)2559-1021,67/05/24,89/09/11,新台幣 10.0000元,1359679820,135967982,0,0,合併,每年,股東會,統一綜合證券股份有限公司,(02)2747-8266,台北市松山區東興路8號B1樓,正風聯合會計師事務所,周銀來,賴家裕,Klingon Aero,"11F., No.36, Nanjing W. Rd., Datong Dist., Taipei City 103, Taiwan (R.O.C.)Taipei City,Taiwan(R.O.C)",(02)2559-1071,luxe@luxe.com.tw,http://www.luxe.com.tw,簡世昌,協理,02-25591021#208,tiger7086@luxe.com.tw,http://luxe.com.tw/
13,1530,亞崴機電股份有限公司,亞崴,電機機械,－,新竹縣新埔鎮文山里關埔路水車頭段629號,22224692,楊德華,楊丞鈞,許宏賓,財務部經理,林紅宏,03-5885191,75/07/16,89/09/11,新台幣 10.0000元,965941710,96594171,0,0,合併,每年,股東會,台新證券股務代理部,02-25048125,台北市建國北路一段九十六號地下一樓,建智聯合會計師事務所,陳貴端,易昌運,AWEA,"629,Suezhetou section,Kwanpu Rd.,Wenshan LiHsinpu Town,Hsinchu county,Taiwan 305",035889896,invest@awea.com,www.awea.com,許宏賓,財務部經理,03-5885191-61700,jason.hsu@awea.com,www.awea.com/awea_tw/publication/stakeholders/index.htm
14,1531,高林股份有限公司,高林股,電機機械,－,台北市松山區105民生東路三段128號11樓,29538509,林陳雅子,林聖智,吳祥銘,總經理特別助理,鍾文藝,(02)27130232,54/10/05,89/09/11,新台幣 10.0000元,1836080800,183608080,0,0,合併,每年,股東會,華南永昌證券(股)公司股務代理部,(02)2718-6425,台北市民生東路四段54號4樓,勤業眾信會計師事務所,趙永祥,鄭欽宗,KAULIN,"11F 128,SEC. 3 MIN SHEN E. ROAD,TAIPEI, TAIWAN, 105 R.O.C.",(02)27130501,SIRUBATW@SIRUBA.COM,WWW.SIRUBA.COM,吳祥銘,總經理特別助理,(02)27130232,eric.wu@siruba.com,http://www.siruba.com/tw/investor.aspx?id=14
15,公司代號,公司名稱,公司簡稱,產業類別,外國企業註冊地國,住址,營利事業統一編號,董事長,總經理,發言人,發言人職稱,代理發言人,總機電話,成立日期,上市日期,普通股每股面額,實收資本額(元),已發行普通股數或TDR原發行股數,私募普通股(股),特別股(股),編製財務報告類型,普通股盈餘分派或虧損撥補頻率,普通股年度(含第4季或後半年度)現金股息及紅利決議層級,股票過戶機構,過戶電話,過戶地址,簽證會計師事務所,簽證會計師1,簽證會計師2,英文簡稱,英文通訊地址,傳真機號碼,電子郵件信箱,公司網址,投資人關係聯絡人,投資人關係聯絡人職稱,投資人關係聯絡電話,投資人關係聯絡電子郵件,公司網站內利害關係人專區網址
16,1532,勤美股份有限公司,勤美,電機機械,－,台北市106大安區仁愛路四段八十五號四樓,03474311,林廷芳,林廷芳,林靖誼,董事長特別助理,麥聖偉,02-27112831,61/09/09,89/09/11,新台幣 10.0000元,3761221120,376122112,0,0,合併,每年,董事會,凱基證券股份有限公司,02-23892999,台北市重慶南路一段2號5樓,安侯建業聯合會計師事務所,池世欽,曾國禓,CMP,"4F, NO.85, JEN-AI RD., SEC. 4TAIPEI, TAIWAN, R.O.C.",02-27112837,glen@cmp.com.tw,www.cmp.com.tw,林靖誼,董事長特別助理,02-27112831,glen@cmp.com.tw,http://www.cmp.com.tw/cht/investor/stakeholder
17,1535,中宇環保工程股份有限公司,中宇,電機機械,－,高雄市前鎮區成功二路88號8樓,84252401,陳宗德,李志豐,胡立明,副總經理,莊雅閔,07-3336138,82/03/15,90/09/17,新台幣 10.0000元,1237425520,123742552,0,0,合併,每年,股東會,統一綜合證券股份有限公司,02-2746-3797,台北市松山區東興路8號地下一樓,勤業眾信會計師事務所,劉裕祥,王兆群,CEC,"8F, No.88 Chenggong 2nd Road,Cianjhen Dist., Kaohsiung,806Taiwan, Republic of China",886 7 3363030,guest@ecotek.com.tw,www.ecotek.com.tw,洪靜雲,專業管理師,07-3336138-31606,cyhung@ecotek.com.tw,http://www.ecotek.com.tw/cec_csr/index.php
18,1537,廣隆光電科技股份有限公司,廣隆,電機機械,－,南投市自立三路6號,23556563,李耀銘,李瑞勳,劉晃瑋,協理,洪相正,049-2254777,79/01/25,91/01/22,新台幣 10.0000元,820663940,82066394,0,0,合併,每年,股東會,凱基證券股份有限公司股務代理部,02-23892999,台北市100重慶南路一段2號5樓,資誠會計師事務所,徐建業,吳松源,KUNG LONG,"NO.6.TZU-LI 3 RD.NANTOU CITY,TAIWAN,R.O.C.",049-2255139,vincent@mail.klb.com.tw,www.klb.com.tw,劉晃瑋,協理,049-2254777-171,spokeman@mail.klb.com.tw,www.klb.com.tw
19,1538,正峰工業股份有限公司,正峰,電機機械,－,320 桃園市中壢區大圳路三段93號,44947686,李育成,李育成,李偉東,財務長,陳宏源,(03)490-4111,65/04/24,91/08/26,新台幣 10.0000元,264105510,26410551,7001505,0,合併,每年,股東會,元大證券(股)公司股務代理部,02-25865859,台北市大同區承德路三段210號B1,安侯建業聯合會計師事務所,寇惠植,郭欣頤,JF,"No.93,Sec.3,Dazun Rd.,Zhongli Dist.,Taoyuan City 320,Taiwan (R.O.C.) TAOYUAN CITY, TAIWAN, R.O.C.",(03)426-0030,jennfeng@ms2.hinet.net,www.jennfeng.com,李偉東,財務長,(03)490-4111,steven@jennfeng.com,http://www.jennfeng.com/index.asp?lang=1
20,1539,巨庭機械股份有限公司,巨庭,電機機械,－,台中市太平區永豐路78號,52646207,莊博彥,羅由宜,帥澤安,業務部副總,莊佳玲特助,(04)2270-0258,70/08/17,91/10/29,新台幣 10.0000元,653700000,65370000,0,0,合併,每年,股東會,群益金鼎證券(股)公司,(02)2702-3999,台北市大安區敦化南路二段97號地下二樓,國富浩華聯合會計師事務所,黃千真,林明壽,GT,"No.78, Yongfeng Rd., Taiping Dist.,Taichung City 411032, Taiwan (R.O.C.)",(04)2270-1096,chiuting@geetech.com.tw,www.geetech.com.tw,陳志濱,財務部協理,04-22700258,investor@geetech.com.tw,www.geetech.com.tw
21,1540,喬福機械工業股份有限公司,喬福,電機機械,－,台中市神岡區中山路1056號,52903090,林聖明,林聖明,范裴羢,管理部經理,陳文助,(04)25624721,73/08/08,91/08/26,新台幣 10.0000元,854736120,85473612,0,0,個別,每年,股東會,統一綜合證券股份有限公司,(02)27463797,台北市東興路８號Ｂ１F,資誠聯合會計師事務所,劉美蘭,吳松源,ROUNDTOP,"1056,Chungshan Rd.,ShenKang Dist,Taichung City,Taiwan R.O.C. Taichung City,Taiwan R.O.C.",(04)25614696,misc@johnford.com.tw,www.johnford.com.tw,范裴羢,管理部經理,(04)25624721,fan@johnford.com.tw,http://www.johnford.com.tw/tw/relationship
22,1541,錩泰工業股份有限公司,錩泰,電機機械,－,台中市后里區南村路41號,23248433,張經金,張經金,張錦華,財務主管,林美君,04-25580669,78/04/21,92/03/19,新台幣 10.0000元,788000000,78800000,0,0,合併,每年,股東會,台新證券股務代理部,02-25048125,台北市建國北路一段96號地下一樓,安永聯合會計師事務所,涂清淵,黃宇廷,Chang Type,"No 41 Nan-tsuen RoadHo-Li , Taichung City , Taiwan",04-25574960,jack@mail.toty.com.tw,www.toty.com.tw,張錦華,財務主管,04-25580669,http://www.toty.com.tw/chinese/stakeholder/ip.html,http://www.toty.com.tw/chinese/stakeholder/ip.html
23,1558,伸興工業股份有限公司,伸興,電機機械,－,台中市太平區永成路78號,55754185,林志誠,劉棟樑,周俊伸,副總經理,莊子禾,(04)22785177,64/01/03,103/12/23,新台幣 10.0000元,605356310,60535631,0,0,合併,每年,股東會,永豐金證券股份有限公司,(02)23816288,臺北市中正區博愛路17號3樓,安永聯合會計師事務所,涂清淵,陳明宏,ZENG HSING,"No. 78, Yong Cheng Rd., Taiping District, Taichung City, Taiwan, R.O.C.Taichung City, Taiwan, R.O.C.",(04)22751789,spokesman@zenghsing.com.tw,www.zenghsing.com.tw/,莊子禾,協理,04-22785177#182,spokesman@zenghsing.com.tw,www.zenghsing.com.tw/csr/stakeholder/?lang=zh-hant
24,1560,中國砂輪企業股份有限公司,中砂,電機機械,－,新北市鶯歌區中山路64號,03089008,林伯全,謝榮哲,李偉彰,副總經理,白景中,02-26791931,53/07/08,94/01/31,新台幣 10.0000元,1417780000,141778000,0,0,合併,每年,股東會,凱基證券股份有限公司,02-23892999,台北市100重慶南路一段2號5樓,勤業眾信聯合會計師事務所,劉明賢,趙永祥,KINIK,"No.64,Zhongshan Rd., Yingge Dist.,New Taipei City 23942, Taiwan(R.O.C.)",02-26797562,ir@kinik.com.tw,www.kinik.com.tw,白景中,副總經理,02-26791931#2005,ir@kinik.com.tw,http://www.kinik.com.tw/KINIK/company/kinik_interested_parties.asp
25,1583,程泰機械股份有限公司,程泰,電機機械,－,台中市西屯區協和里工業區五路十三號,52353530,楊德華,楊舒涵,林廷霜,財務部副理,林美杏,(04)2463-6000,64/09/28,97/01/24,新台幣 10.0000元,1104003720,110400372,0,0,合併,每年,董事會,台新證券股務代理部,02-25048125,台北市建國北路一段96號B1,國富浩華聯合會計師事務所,黃勝義,林汀培,GOODWAY,"13, 5th Road, Taichung Industrial Park,Taichung 40767, Taiwan, R.O.C.",(04)2463-6500,1718@goodwaycnc.com.tw,http://www.goodwaycnc.com/,林廷霜,財務部副理,(04)2463-6000#12055,1718@goodwaycnc.com,http://www.goodwaycnc.com/exhtml_goodway/goodway_tw/publication/stakeholders/index.htm
26,1589,永冠能源科技集團有限公司,永冠-KY,電機機械,KY 開曼群島,台北市內湖區新湖一路93號4樓,41048746,張賢銘,張賢銘,蔡樹根,副董事長,陳彥碩,(02)2791-7198,97/01/22,101/04/27,新台幣 10.0000元,1106175190,110617519,0,0,合併,每年,股東會,群益金鼎證券(股)公司股務代理部,(02)2702-3999,臺北市大安區敦化南路二段97號B2,勤業眾信聯合會計師事務所,陳致源,黃堯麟,YGG,"4F., No.93, Xinhu 1st Rd., Neihu Dist.Taipei City 114757, Taiwan (R.O.C.)",(02)2791-7808,ygg@ygget.com,http://www.ygget.com/index/tw.aspx,蔡承志,協理,(02)2791-7198 分機17,ir@ygget.com,http://www.ygget.com/content/tw/508.aspx
27,1590,亞德客國際集團,亞德客-KY,電機機械,KY 開曼群島,台北市民生東路三段129號4樓,53666460,王世忠,王世忠,曹永祥,財務長,李懷文,(02)27197538,98/09/16,99/12/13,新台幣 10.0000元,1999999980,199999998,0,0,合併,每年,董事會,中國信託商業銀行代理部,(02)6636-5566,台北市中正區重慶南路一段83號五樓,勤業眾信聯合會計師事務所,池瑞全,陳慧銘,AIRTAC,"4F., No.129, Sec. 3, Minsheng E. Rd.,Taipai City 10596, Taiwan (R.O.C.)",(02)27197939,ir@airtac.com,http://www.airtac.com/,林道萱,財務高級專員,(02)27197538,ir@airtac.com,http://www.airtac.com/
28,1597,直得科技股份有限公司,直得,電機機械,－,74145 台南市南部科學園區新市區大利一路3號,16755427,陳麗芬,許明哲,李柏蒼,財務長,許澄璞,(06)505-5858,87/10/19,109/12/23,新台幣 10.0000元,811875490,81187549,0,0,合併,每半會計年度,董事會,富邦綜合證券股份有限公司,(02)2361-1300,台北市10047中正區許昌街17號2樓,資誠聯合會計師事務所,林永智,田中玉,cpc,"No.3, Dali 1st Rd., Xinshi Dist., Southern Taiwan Science Park,Tainan City 74145,Taiwan (R.O.C.)",(06)505-5959,act07@mail2.chieftek.com,http://www.chieftek.com/,李柏蒼,財務長,(06)505-5858,act07@mail2.chieftek.com,http://www.chieftek.com/
29,2049,上銀科技股份有限公司,上銀,電機機械,－,台中市南屯區文山里精科路7號,23503047,卓文恒,蔡惠卿,廖克皇,助理總經理,吳月琴,04-23594510,78/10/11,98/06/26,新台幣 10.0000元,3407922400,340792240,0,0,合併,每年,董事會,元大證券股份有限公司,02-25865859,台北市承德路三段210號B1,勤業眾信聯合會計師事務所,曾棟鋆,吳麗冬,HIWIN,"NO. 7,Jingke Road.,Nantun District.,Taichung 408 ,Taiwan Taichung,Taiwan",04-23594420,ir@hiwin.tw,http://www.hiwin.tw,廖克皇,助理總經理,04-23594510#1332,LEOLIAO@HIWIN.TW,http://www.hiwin.tw
30,2371,大同股份有限公司,大同,電機機械,－,台北市中山北路3段22號,11026506,王光祥,鍾依文,王芝芳,財務長,暫缺,02-25925252,39/04/11,51/02/09,新台幣 10.0000元,23395366850,2339536685,0,0,合併,每年,股東會,台新證券股務代理部,02-2504-8125,台北市建國北路1段96號地下一樓,安侯建業聯合會計師事務所,曾國禓,賴麗真,TATUNG CO.,"22 Chungshan North Road,3rd Sec.,Taipei,Taiwan,R.O.C",02-25921813,webmaster@tatung.com.tw,http://www.tatung.com.tw,陳慧琪,資深經理,02-25925252 轉2259,teresahuichi@tatung.com / ching-jung.wu@tatung.com,http://www.tatung.com.tw/b5/appeal.asp
31,公司代號,公司名稱,公司簡稱,產業類別,外國企業註冊地國,住址,營利事業統一編號,董事長,總經理,發言人,發言人職稱,代理發言人,總機電話,成立日期,上市日期,普通股每股面額,實收資本額(元),已發行普通股數或TDR原發行股數,私募普通股(股),特別股(股),編製財務報告類型,普通股盈餘分派或虧損撥補頻率,普通股年度(含第4季或後半年度)現金股息及紅利決議層級,股票過戶機構,過戶電話,過戶地址,簽證會計師事務所,簽證會計師1,簽證會計師2,英文簡稱,英文通訊地址,傳真機號碼,電子郵件信箱,公司網址,投資人關係聯絡人,投資人關係聯絡人職稱,投資人關係聯絡電話,投資人關係聯絡電子郵件,公司網站內利害關係人專區網址
32,3167,大量科技股份有限公司,大量,電機機械,－,(334) 桃園市八德區友聯街49號,43938484,王作京,陳尚書,張家齊,財務主管,黃麗芳,03-3686368,69/12/26,102/10/21,新台幣 10.0000元,801341160,80134116,0,0,合併,每年,董事會,凱基證券股份有限公司股務代理部,02-23892999,臺北市重慶南路一段2號5樓,安永聯合會計師事務所,張志銘,陳國帥,TA LIANG,"NO.49 ,YU-LIEN STREET, PA-TERTAO-YUAN, TAIWAN, R.O.C",03-3685811,yulien_89@tlhome.com.tw,http://www.taliang.com,張家齊,財務主管,03-3688552,yulien_89@tlhome.com.tw,http://www.taliang.com
33,4526,東台精機股份有限公司,東台,電機機械,－,高雄市路竹區路科三路三號,88120872,嚴瑞雄,嚴瑞雄,嚴璐,協理,何紫妘,07-9761588,58/01/09,92/09/15,新台幣 10.0000元,2548264610,254826461,0,0,合併,每年,股東會,台新證券股務代理部,02-25048125,台北市建國北路一段九十六號地下一樓,勤業眾信聯合會計師事務所,許瑞軒,王兆群,TONGTAI,"NO.3,LUKE 3RD., KAOHSIUNG SCIENCE PARK, LUZHU DISTKAOHSIUNG CITY,82151,TAIWAN,R.O.C",07-9761591,tongtai-group@tongtai.com.tw,http://www.tongtai.com.tw/,嚴璐,協理,07-9761588,ir@tongtai.com.tw,http://www.tongtai.com.tw/tw/stakeholder.php
34,4532,瑞智精密股份有限公司,瑞智,電機機械,－,桃園市觀音區成功路二段943號,23603284,陳盛沺,馮明法,柯志成,副總經理,周建中,(03)4837201,78/12/19,92/08/04,新台幣 10.0000元,5049151050,504915105,0,0,合併,每年,股東會,元大證券股份有限公司股務代理部,(02)25865859,台北市承德路三段210號地下1樓,勤業眾信聯合會計師事務所,蔡振財,張青霞,RECHI,"No. 943,Cheng Kung Rd.,Sec.2,Guanyin Dist,Taoyuan City,Taiwan,R.O.C",(03)4839794,financial@rechi.com,www.rechi.com,柯志成,副總經理,(03)4837201-171,justin@rechi.com,http://www.rechi.com/Stakeholder/interested
35,4540,全球傳動科技股份有限公司,全球傳動,電機機械,－,新北市樹林區三多路123號,29168533,李清崑,李進勝,陳崇文,財務部經理,吳美華,(02)2689-2689,99/07/09,107/08/15,新台幣 10.0000元,941780000,94178000,0,0,個別,每年,股東會,第一金證券股份有限公司,(02)2563-5711,台北市大安區安和路一段27號六樓,資誠聯合會計師事務所,徐明釧,邱昭賢,TBI MOTION,"No.123, Sanduo Rd., Shulin Dist.,New Taipei City 238, Taiwan (R.O.C.)",(02)2689-2513,tbim@tbimotion.com.tw,www.tbimotion.com.tw,陳崇文,財務部經理,(02)2689-2689,tbi-mk@tbimotion.com.tw,www.tbimotion.com.tw
36,4552,力達控股有限公司,力達-KY,電機機械,KY 開曼群島,台北市信義區基隆路二段51號3樓,51016510,吳建能,陳乙平,陳乙平,總經理,黃孕祥,(02)2732-8616,101/05/11,105/07/20,新台幣 10.0000元,1160000000,116000000,0,0,合併,每年,股東會,凱基證券股份有限公司股務代理部,02-23892999,臺北市重慶南路一段2號5樓,資誠聯合會計師事務所,陳憲正,梁益彰,Lida,"3F., No.51, Sec. 2, Keelung Rd., Xinyi Dist., Taipei CityTaipei City 11052, Taiwan (R.O.C.)",(02)2732-8350,fin15@lida-compressors.com,www.lidaholdings.com,黃孕祥,財務長,02-2732-8616,fin15@lida-compressors.com,www.lidaholdings.com
37,4555,台灣氣立股份有限公司,氣立,電機機械,－,新北市泰山區貴鳳街21 號,22301178,游平政,游平政,蘇志安,財務主管,林穎珊,(02)29041235,75/11/19,104/10/27,新台幣 10.0000元,669926170,66992617,0,0,合併,每年,董事會,富邦綜合證券股份有限公司,(02)23611300,台北市許昌街17 號2 樓,勤業眾信聯合會計師事務所,陳招美,陳薔旬,CHELIC,"No. 21, GUIFENG ST., TAISHAN DISTNEW TAIPEI CITY 24355, TAIWAN",(02)29068203,tony.chang@chelic.com,http://www.chelic.com,童雁琤,助理專員,(02)2904-1235 #1312,chelic_stock@chelic.com,http://www.chelic.com/
38,4560,強信機械科技股份有限公司,強信-KY,電機機械,KY 開曼群島,桃園市龜山區建國東路89號,50721361,綦秉信,綦秉信,綦秉信,總經理,陳文玲,(03)3198016,103/10/31,106/05/26,新台幣 10.0000元,680972400,68097240,0,0,合併,每年,股東會,富邦綜合證券股務代理部,(02)23611300,台北市中正區許昌街17號2樓,勤業眾信聯合會計師事務所,莊文源,楊清鎮,STRONG H,"No.89,Jianguo E.Rd., Guishan DistTsoyuan City, Taiwan",(03)3198013,IR@strongh.cn,www.strongh.cn,陳文玲,代理發言人,(03)3198016,IR@strongh.cn,www.strongh.cn
39,4562,穎漢科技股份有限公司,穎漢,電機機械,－,台南市安南區科技一路50號,28919500,胡炳昆,胡峻嘉,黃國章,財務長,陳雅芬,(06)3843188,97/01/24,106/08/21,新台幣 10.0000元,675460000,67546000,0,0,合併,每年,股東會,台新證券股務代理部,(02)25048125,台北市建國北路一段96號12樓,勤業眾信聯合會計師事務所,楊朝欽,廖鴻儒,YHT,"No.50,Keji 1st Rd.,Annan District 709Tainan city,Taiwan R.O.C.",(06)3843208,ylm.de@ylm.com.tw,http://www.ylm.com.tw,黃國章,財務長,(06)3843188,alan@ylm.com.tw,http://www.ylm.com.tw
40,4564,元翎精密工業股份有限公司,元翎,電機機械,－,雲林縣虎尾鎮科虎三路18號,23019109,王德鑫,王德鑫,莊惠萍,財務運籌處協理,謝春香,05-6361867,77/07/11,108/03/07,新台幣 10.0000元,1827883030,182788303,0,0,合併,每年,董事會,福邦證券股份有限公司,02-2371-1658,台北市中正區忠孝西路一段6號6樓,勤業眾信聯合會計師事務所,蘇定堅,曾棟鋆,MOSA,"NO.18, KEHU 3RD RD., HUWEI TOWNSHIPYUNLIN COUNTY 63247, TAIWAN (R.O.C.)",05-6314668,finance@mosatw.com,http://www.twmosa.com/,莊惠萍,財務運籌處協理,05-6361867,erica.chuang@mosatw.com,http://www.twmosa.com/
41,4566,時碩工業股份有限公司,時碩工業,電機機械,－,新北市汐止區新台五路一段94號15樓,24262159,黃亞興,黃亞興,連榮義,處長,黃亞興,(02)2696-3988,97/11/07,107/02/05,新台幣 10.0000元,718763040,71876304,0,0,合併,每年,董事會,凱基證券股份有限公司,(02)2389-2999,台北市重慶南路一段2號5樓,勤業眾信聯合會計師事務所,李麗凰,池瑞全,GLOBAL TEK,"Building C, 15F., No.94, Sec. 1, Xintai 5th Rd., Xizhi Dist.,New Taipei City 221, Taiwan (R.O.C.)",(02)2696-3989,IR@globaltek.com.tw,http://www.globaltek.com.tw,連榮義,處長,0966-631828,IR@globaltek.com.tw,http://www.globaltek.com.tw
42,4571,鈞興機電國際股份有限公司,鈞興-KY,電機機械,KY 開曼群島,台北市大安區信義路三段106號4樓之3,85282254,國興環球有限公司(代表人：高國興),杜春輝,杜春輝,總經理,張朝文,02-27034571,103/04/30,108/09/17,新台幣 10.0000元,533800000,53380000,0,0,合併,每年,股東會,永豐金證券股份有限公司,02-23816288,台北市博愛路17號3樓,勤業眾信聯合會計師事務所,郭慈容,陳俊宏,KHGEARS,"4F-3, No.106, Sec. 3, Xinyi Rd., Da'an Dist.,Taipei City, Taiwan(R.O.C.)",02-27034571,ir@khgears.com,http://www.khgears.com/ft/index.php,張朝文,董事會特別助理,0988457199,ir@khgears.com,http://www.khgears.com/ft/lihai.php
43,4572,駐龍精密機械股份有限公司,駐龍,電機機械,－,高雄市仁武區八德二路166號,23830154,王昆生,王昆生,李汶育,財務主管,潘正豐,07-3101000,79/08/08,108/09/10,新台幣 10.0000元,358000000,35800000,0,0,合併,每年,股東會,台新證券股務代理部,02-25048125,台北市中山區建國北路一段96號B1,資誠聯合會計師事務所,王國華,廖阿甚,DPI,"166, Bade 2nd Rd., Renwu DistrictKaohsiung City, Taiwan 814",07-3108026,ir@drewloong.com.tw,http://www.drewloong.com.tw,李汶育,財務主管,(07)310-8027,ir@drewloong.com.tw,http://www.drewloong.com.tw/?p=273
44,4576,大銀微系統股份有限公司,大銀微系統,電機機械,－,台中市南屯區春社里精科中路6號,97413843,卓秀瑜,絲國一,陳美燕,財務部資深協理,游凱勝,04-23550110,86/04/01,108/09/04,新台幣 10.0000元,1198018480,119801848,0,0,合併,每年,董事會,元大證券股份有限公司,02-25865859,台北市承德路三段210號B1,勤業眾信聯合會計師事務所,曾棟鋆,蔣淑菁,HMC,"No.6, Jingke Central Rd., Chuen She Village, Nantun Dist,Taichung, Taiwan",04-23550123,investor@hiwinmikro.tw,http://www.hiwinmikro.tw,陳美燕,財務部資深協理,04-23550110#9276,investor@hiwinmikro.tw,http://www.hiwinmikro.tw
45,5288,開曼商豐祥控股股份有限公司,豐祥-KY,電機機械,KY 開曼群島,新北市新莊區新樹路315巷15號,38582821,游明輝,游明輝,詹文龍,財務長,高宏鎰,02-2208-0152,100/07/18,103/09/25,新台幣 10.0000元,658261530,65826153,0,0,合併,每半會計年度,董事會,元大證券股份有限公司股務代理部,02-2586-5859,台北市大同區承德路三210號B1,安永聯合會計師事務所,鄭清標,羅筱靖,Eurocharm,"No.15, Ln. 315, Xinshu Rd., Xinzhuang DistrictNew Taipei City , Taiwan",02-2205-1589,IR@eurocharm.com.tw,www.eurocharm.com.tw,高宏鎰,代理發言人,02-2208-0151,IR@eurocharm.com.tw,http://www.eurocharm.com.tw/about/?lang=zh-hant
46,8222,寶一科技股份有限公司,寶一,電機機械,－,台南市新營區新工路13巷1號,04431804,曾國浩,曾國浩,胡淑賢,副總經理,謝舒萍,06-6535001,63/10/05,104/01/27,新台幣 10.0000元,685735000,68573500,0,0,個別,每年,股東會,台新證券股務代理部,02-25048125,10489 台北市建國北路一段96號地下一樓,勤業眾信聯合會計師事務所,王騰葦,楊朝欽,Aero Win,"NO. 1, LN. 13, XINGONG RD XINYING DIST., TAINAN CITY, ROC 730",06-6535057,finance-1@aerowin.com,www.aerowin.com,胡淑賢,副總經理,06-6535001,susan@aerowin.com,www.aerowin.com
47,公司代號,公司名稱,公司簡稱,產業類別,外國企業註冊地國,住址,營利事業統一編號,董事長,總經理,發言人,發言人職稱,代理發言人,總機電話,成立日期,上市日期,普通股每股面額,實收資本額(元),已發行普通股數或TDR原發行股數,私募普通股(股),特別股(股),編製財務報告類型,普通股盈餘分派或虧損撥補頻率,普通股年度(含第4季或後半年度)現金股息及紅利決議層級,股票過戶機構,過戶電話,過戶地址,簽證會計師事務所,簽證會計師1,簽證會計師2,英文簡稱,英文通訊地址,傳真機號碼,電子郵件信箱,公司網址,投資人關係聯絡人,投資人關係聯絡人職稱,投資人關係聯絡電話,投資人關係聯絡電子郵件,公司網站內利害關係人專區網址
48,8374,羅昇企業股份有限公司,羅昇,電機機械,－,新北市三重區光復路一段83巷7號2樓,12486062,李昌鴻,李長堅,李長堅,總經理,陳國美,02-2995-8400,73/03/31,97/12/25,新台幣 10.0000元,1122504870,112250487,23000000,0,合併,每年,董事會,元大證券(股)公司股務代理部,02-2586-5859,台北市大同區承德路3段210號B1,安侯建業聯合會計師事務所,施威銘,陳玫燕,ACE PILLAR,"2F, NO.7, Lane 83,Sec 1,Kuang-Fu Road,San-Chung Dist, New Taipei City ,Taiwan",02-2999-3775,denise_chen@acepillar.com.tw,www.acepillar.com.tw,陳國美,資深處長,29958400#1130,denise_chen@acepillar.com.tw,www.acepillar.com.tw/relation.php
49,8996,高力熱處理工業股份有限公司,高力,電機機械,－,桃園市中壢區吉林北路5-2號,35319185,韓顯壽,吳誌雄,王心五,副總經理,莊瑞琴,03-4527005-9,59/10/11,103/02/14,新台幣 10.0000元,893840800,89384080,0,0,合併,每年,董事會,兆豐證券股份有限公司,(02)3393-0898,台北市忠孝東路二段95號1樓,勤業眾信聯合會計師事務所,陳文香,劉書琳,KAORI,"NO5-2, CHI-LIN NORTH ROAD,CHUNG-LI INDUSTRIAL ZONE　CHUNG-LI CITY, TAIWAN, ROC",03-4525505,leowang@kaori.com.tw,http://www.kaori-taiwan.com,王心五,副總經理,03-4527005#225,leowang@kaori.com.tw,http://www.kaori-taiwan.com
