,公司代號,公司名稱,公司簡稱,產業類別,外國企業註冊地國,住址,營利事業統一編號,董事長,總經理,發言人,發言人職稱,代理發言人,總機電話,成立日期,上櫃日期,普通股每股面額,實收資本額(元),已發行普通股數或TDR原發行股數,私募普通股(股),特別股(股),編製財務報告類型,普通股盈餘分派或虧損撥補頻率,普通股年度(含第4季或後半年度)現金股息及紅利決議層級,股票過戶機構,過戶電話,過戶地址,簽證會計師事務所,簽證會計師1,簽證會計師2,英文簡稱,英文通訊地址,傳真機號碼,電子郵件信箱,公司網址,投資人關係聯絡人,投資人關係聯絡人職稱,投資人關係聯絡電話,投資人關係聯絡電子郵件,公司網站內利害關係人專區網址
0,1565,精華光學股份有限公司,精華,生技醫療業,－,新北市汐止區大同路一段276之2號4、5樓,22195654,陳明賢,周育然,周華玲,稽核室副理,林雅蘋,(02)8691-6000,75/09/24,93/03/30,新台幣 10.0000元,504165160,50416516,0,0,合併,每年,股東會,元大證券股務代理部,(02)2586-5859,台北市大同區承德路三段210號 B1,資誠聯合會計師事務所,鄧聖偉,游淑芬,St.Shine,"4, 5F, No. 276-2, Sec. 1, Ta Tung Rd,,Hsi Chih Dist., New Taipei City, Taiwan",(02)2647-9369,s0505@stshine.com.tw,http://www.stshine.com.tw,周華玲,稽核室副理,(02)2647-1578,s0505@stshine.com.tw,http://www.stshine.com.tw
1,1593,祺驊股份有限公司,祺驊,生技醫療業,－,新竹縣湖口鄉德興路231號,97432341,李佳蓉,李穎哲,黃寧民,財務部副總經理,連子瑞,03-6992860,86/03/15,101/06/13,新台幣 10.0000元,352275330,35227533,0,0,合併,每年,股東會,富邦綜合證券(股)公司股務代理部,02-23611300,台北市許昌街17號2樓,勤業眾信聯合會計師事務所,施錦川,邱鏞銘,CHI HUA,"No. 231 , Dexing Rd.HuKou Township , Hsinchu County,Taiwan",03-5906393,ir@chihua.com.tw,http://www.chihua.com.tw,黃寧民,財務部副總經理,03-6992860#260,ir@chihua.com.tw,http://www.chihua.com.tw
2,1742,台灣蠟品股份有限公司,台蠟,化學工業,－,嘉義縣民雄工業區中正路一號,22625269,林哲印,傅振祥,傅振祥,總經理,廖振淵,05-2219180,76/08/13,93/05/14,新台幣 10.0000元,815500000,81550000,40088905,0,合併,每年,股東會,康和綜合證券股份有限公司,02-87871118,台北市信義區基隆路一段176號B1,霈昇聯合會計師事務所,林憲章,王新元,TWC,"1,CHUNG CHENG ROAD,MINHSIUNG INDUSTRIAL PARK　CHIAYI TAIWAN REP.OF CHINA",05-2130645,twx6688@ms26.hinet.net,http://www.wax.com.tw/,廖振淵,財務主管,05-2219180,yc@wax.com.tw,http://www.wax.com.tw/
3,1752,南光化學製藥股份有限公司,南光,生技醫療業,－,台南市新化區中山路1001號,69275313,陳立賢,王玉杯,蔡文泳,處長,陳本忠,06-5984121,62/08/20,98/08/10,新台幣 10.0000元,1009884720,100988472,0,0,合併,每年,股東會,日盛證券股份有限公司,02-25419977,台北市中山區南京東路二段85號7F,資誠聯合會計師事務所台南所,田中玉,林姿妤,NANG KUANG,"1001, CHUNG SHAN ROAD, SINHUA CHEN TAINAN HSIEN , TAIWAN , R.O.C",06-5981845,nkcp@ms15.hinet.net,http://www.nangkuang.com.tw,蔡文泳,處長,(06)5984121#2286,steventsai@nangkuang.com.tw,www.nangkuang.com.tw
4,1777,生泰合成工業股份有限公司,生泰,生技醫療業,－,台南市新營區開元路168號,72197621,蕭振明,蕭振明,蕭振明,董事長,莊美琪,06-6362121~3,71/11/09,94/10/19,新台幣 10.0000元,400595500,40059550,0,0,個別,每年,股東會,元大證券股份有限公司股務代理部,(02)2586-5859,103台北市大同區承德路3段210號B1,資誠聯合會計師事務所,田中玉,劉子猛,SYN-TECH,"No.168 Kai Yuan Rd., Hsin Ying DistrictTainan City 73055, Taiwan, R.O.C",06-6351165,fc3@syn-tech.com.tw,http://www.syn-tech.com.tw,蕭振明,董事長,06-6362121~3,investor.relation@syn-tech.com.tw,http://www.syn-tech.com.tw
5,1781,合世生醫科技股份有限公司,合世,生技醫療業,－,新北市中和區建一路186號9樓,97304042,楊國和,李紹弘,李淑芬,財務處副總,沈瞬良,82271300,85/12/16,93/12/24,新台幣 10.0000元,474076050,47407605,0,0,合併,每年,股東會,中國信託商業銀行,02-66365566,台北市中正區重慶南路一段八十三號五樓,資誠聯合會計師事務所,徐明釧,支秉鈞,H&L,"9F.NO.186 Jian Yi Road Chung Ho CityTaipei,Taiwan",82271301,public@hlmt.com.tw,www.healthandlife.com.tw,李淑芬,財務處副總,82271300*18811,public@hlmt.com.tw,www.healthandlife.com.tw
6,1784,訊聯生物科技股份有限公司,訊聯,生技醫療業,－,台北市內湖區新湖一路36巷28號1樓,70836411,蔡政憲,康清原,康清原,總經理,楊志峰,(02)27951777,89/08/17,96/07/26,新台幣 10.0000元,496269240,49626924,0,0,合併,每半會計年度,董事會,中國信託商業銀行(股)公司代理部,(02)66365566,台北市重慶南路一段83號5樓,資誠聯合會計師事務所,黃珮娟,潘慧玲,BIONET CORP.,"1F,No.28, Ln. 36 , Xinhu 1st Rd.Neihu Dist.,Taipei City 11497, , Taiwan",(02)27938009,investment@BionetCorp.com,http://www.BionetCorp.com,劉佩怡,財務處協理,(02)27951777,Winnieliu@BionetCorp.com,https://www.bionetcorp.com/article?ac_id=32&ac_sub_id=35&a_id=39
7,1788,杏昌生技股份有限公司,杏昌,生技醫療業,－,新北市三重區重新路5段609巷2號8樓之2,23161816,李忠良,陳國師,李映芬,管理處副總經理,張耀元,6626-1166,78/02/13,98/07/20,新台幣 10.0000元,400288040,40028804,0,0,合併,每年,股東會,元富證券股份有限公司股務代理部,(02)2768-6668,台北市松山區光復北路11巷35號地下1樓,安侯建業聯合會計師事務所,于紀隆,林恒昇,HCI,"8F.2,NO.2,Ln.609,Sec.5,Chongxin Rd.,Sanchong Dist.,New Taipei City 24159,TaiwaR.O.C.",2995-3363,jerry_pon108@hiclearance.com.tw,www.hiclearance.com.tw,李映芬,管理處副總經理,6626-1166#510,nancy_lee@hiclearance.com.tw,www.hiclearance.com.tw
8,1799,易威生醫科技股份有限公司,易威,生技醫療業,－,新竹科學工業園區新竹市東區研發二路10號1樓,16570131,林翰飛,李艾平,吳雪君,財務協理,林翰飛,(03)666-9596,87/08/10,97/11/10,新台幣 10.0000元,1633796780,163379678,105862611,0,合併,每年,股東會,宏遠證券股份有限公司股務代理部,(02)2326-8818,臺北市大安區信義路四段236號3樓,資誠聯合會計師事務所,劉倩瑜,林玉寬,EASYWELL,"1F., No.10, Yanfa 2nd Road, Hsinchu Science ParkHsinChu 30076, TAIWAN(R.O.C)",(03)666-9697,spokesman@easywellbio.com,http://www.easywellbio.com,吳雪君,財務協理,03-6669596,spokesman@easywellbio.com,http://www.easywellbio.com
9,1813,寶利徠光學科技股份有限公司,寶利徠,生技醫療業,－,33759桃園市大園區南港里11鄰長發路406號,84449952,宋一新,李瑞賢,李瑞賢,總經理,陸芸平,03-3853934,82/09/22,98/08/04,新台幣 10.0000元,466355100,46635510,0,0,合併,每年,董事會,群益金鼎證券股份有限公司,02-27023999,台北市松山區敦化南路二段97號B2,勤業眾信聯合會計師事務所,鄭欽宗,陳彥君,Polylite,"No. 406, Changfa Rd., Dayuan Dist.Taoyuan City 33759, Taiwan R.O.C.",03-3863837,info@gialens.com.tw,http://www.gialens.com.tw,李瑞賢,總經理,03-3853934,rayLRS@gialens.com.tw,http://www.gialens.com.tw/index.asp?area=CSR&menu=CSR02
10,3118,進階生物科技股份有限公司,進階,生技醫療業,－,新北市汐止區康寧街169巷80號,23348952,愛默生投資有限公司,邱春龍,邱春龍,總經理,李奕嫺,02-26959935,78/12/07,97/05/21,新台幣 10.0000元,324528600,32452860,0,0,個別,每年,股東會,元大證券股份有限公司,(02)2586-5859,台北市承德路三段210號地下一樓,安侯建業聯合會計師事務所,許明芳,林恒昇,LEVEL,"No. 80, Lane 169, Kang-Ning, St.,Hsi-Chih Dist., New Taipei City,TAIWAN, R.O.C.",02-26950403,pr@mail.level.com.tw,www.level.com.tw,李奕嫺,財務副總經理,02-26959935,pr@mail.level.com.tw,http://www.level.com.tw/html/front/bin/ptlist.phtml?Category=332381
11,3176,基亞生物科技股份有限公司,基亞,生技醫療業,－,台北市南港區園區街3號F棟14樓,70760897,張世忠,張順浪,江雅鈴,營運管理部協理,陳鳳華,[02]2653-5200,88/12/31,100/11/23,新台幣 10.0000元,1393625050,139362505,0,0,合併,每年,股東會,群益金鼎證券股務代理部,02-2703-5000,臺北市大安區敦化南路二段97號B2,資誠聯合會計師事務所,林雅慧,阮呂曼玉,MEDIGEN,"14F.,Bldg.F,NO.3,Yuancyu ST.,Nangang District,Taipei City 115,TaiwanTaipei, Taiwan 115.",[02]2785-6120,info@medigen.com.tw,http://www.medigen.com.tw,吳偉琪,專案經理,(02)7736-1234#851,Kathleen.Wu@medigen.com.tw,http://www.medigen.com.tw/zh/連絡我們-2/
12,3205,佰研生化科技股份有限公司,佰研,生技醫療業,－,台北市南港區園區街3號10樓之6,16313696,陳樂維,待聘任,陳均恒,協理,邱繼德,02-26557166,87/03/16,94/09/12,新台幣 10.0000元,327726310,32772631,0,0,合併,每年,股東會,福邦證券股份有限公司股務代理部,02-2371-1658,台北市中正區忠孝西路一段6號6樓,安侯建業聯合會計師事務所,許淑敏,江忠儀,SLS,"10F-6, No.3, Park St.,Nangang District, Taipei City, Taiwan",02-26557066,norris.chen@naturalbiokey.com,http://www.naturalbiokey.com,陳均恒,協理,02-26557166,norris.chen@naturalbiokey.com,http://www.naturalbiokey.com
13,3218,大學光學科技股份有限公司,大學光,生技醫療業,－,台北市南港區園區街3-1號4樓,84926791,歐淑芳,盧政宏,劉俊杰,資深處長,張育祺,02-26558000,83/08/03,93/11/29,新台幣 10.0000元,761230000,76123000,0,0,合併,每年,董事會,福邦證券股份有限公司股務代理部,(02)2371-1658,台北市中正區忠孝西路一段６號６樓,勤業眾信聯合會計師事務所,郭乃華,池瑞全,UNIVERSAL,"4F., No.3-1, Yuanqu St., Nangang Dist.,Taipei City 115, Taiwan (R.O.C.)",02-26557890,jay.liu2@eyecenter.com.tw,www.eyecenter.com.tw,張羽儀,投資人關係經理,26558000,ir@eyecenter.com.tw,https://www.eyecenter.com.tw/contact/contact_a04/
14,4102,永日化學工業股份有限公司,永日,生技醫療業,－,台中市大甲區日南里幼獅路59、61號,56620559,李其澧,林青煌,林青煌,總經理,鄧貴淵,04-26818866,67/06/08,90/03/20,新台幣 10.0000元,423734430,42373443,0,0,合併,每年,股東會,元大證券股份有限公司,02-25865859,103台北市大同區承德路3段210號B1樓,資誠聯合會計師事務所,徐建業,王玉娟,YUNGZIP,"NO. 59 YOU SHIH ROAD, YOUTH INDUSTRIAL DISTRICT, DAJIA,TAICHUNG CITY, TAIWAN 43767, R.O.C.",04-26821007,yspgyzc@yungshingroup.com,http://www.yungzip.com,鄧貴淵,專案經理,04-26818866#103,yspgyzc@yungshingroup.com,http://www.yungzip.com
15,公司代號,公司名稱,公司簡稱,產業類別,外國企業註冊地國,住址,營利事業統一編號,董事長,總經理,發言人,發言人職稱,代理發言人,總機電話,成立日期,上櫃日期,普通股每股面額,實收資本額(元),已發行普通股數或TDR原發行股數,私募普通股(股),特別股(股),編製財務報告類型,普通股盈餘分派或虧損撥補頻率,普通股年度(含第4季或後半年度)現金股息及紅利決議層級,股票過戶機構,過戶電話,過戶地址,簽證會計師事務所,簽證會計師1,簽證會計師2,英文簡稱,英文通訊地址,傳真機號碼,電子郵件信箱,公司網址,投資人關係聯絡人,投資人關係聯絡人職稱,投資人關係聯絡電話,投資人關係聯絡電子郵件,公司網站內利害關係人專區網址
16,4105,台灣東洋藥品工業股份有限公司,東洋,生技醫療業,－,台北市南港區園區街3-1號3樓,11821341,林全,林全,張國江,財務長,陳旭州,26525999,49/07/22,90/09/27,新台幣 10.0000元,2486499590,248649959,0,0,合併,每年,股東會,群益金鼎證券股份有限公司,(02)2702-3999,台北市敦化南路二段97號地下二樓,安侯建業聯合會計師事務所,韓沂璉,張淑瑩,TTY,"3F., No.3-1, Park St., Nangang Dist.,Taipei,Taiwan,R.O.C.",2652-5982,ir@tty.com.tw,www.tty.com.tw,陳旭州,資深經理,26525999-2219,ir@tty.com.tw,http://ch.tty.com.tw/ec99/rwd1181/category.asp?Xcategory_id=1&category_id=12
17,4107,邦特生物科技股份有限公司,邦特,生技醫療業,－,台北市104中山區長安東路一段23號5樓之6,86306206,蔡宗禮,李明忠,黃繹中,財務長,李宜勳,(02)25710269,80/11/13,91/03/04,新台幣 10.0000元,692983360,69298336,0,0,合併,每年,董事會,統一綜合證券股份有限公司,(02)27478266,臺北市東興街8號B1樓,安侯建業聯合會計師事務所,陳雅琳,蘇彥達,BIOTEQUE,"5F-6,No.23 Sec.1.Chang-An E. Rd .,Taipei 104, Taiwan , R.O.C.",(02)25710213,finance@bioteq.com.tw,www.bioteq.com.tw,黃繹中,財務長,02-2571-0269,alexhuang@bioteq.com.tw,http://www.bioteq.com.tw/zh-tw/tag/investor
18,4109,加捷生醫股份有限公司,加捷生醫,生技醫療業,－,高雄市三民區九如一路61號3樓,89415241,金智宏投資有限公司,曾茗絹,林慶弘,財務部副總經理,林麗鳳,07-9761598,84/05/06,91/08/08,新台幣 10.0000元,889366810,88936681,21802441,0,合併,每年,股東會,元大證券股份有限公司,02-25865859,台北市大同區承德路3段210號B1,資誠聯合會計師事務所,廖阿甚,王國華,Jia Jie Bio,"3F., NO.61, Jiuru 1st Rd., Sanmin Dist.,KAOHSIUNG, TAIWAN, R.O.C",07-3952823,angelin@jiajiebio.com,https://www.jiajiebio.com,林慶弘,財務部副總經理,07-9761598,angelin@jiajiebio.com,https://www.jiajiebio.com/tw/index.asp?au_id=242&sub_id=308#
19,4111,濟生醫藥生技股份有限公司,濟生,生技醫療業,－,新竹縣湖口鄉實踐路3號,47154259,蘇東茂,蘇東茂,黃惠珍,財務部經理,魏麗珠,(03)5983811,51/10/06,88/03/06,新台幣 10.0000元,569829850,56982985,0,0,合併,每年,股東會,元大證券股份有限公司,02-25865859,103台北市大同區承德路三段210號地下一樓,安永聯合會計師事務所,邱琬茹,楊雨霓,CHI SHENG,"No.3, Shijian Rd., Hukou Township, Hsinchu County 30352, Taiwan (R.O.C.)Hsinchu County , Taiwan (R.O.C.)",(03)5982855,stock@cscp.com.tw,www.cscp.com.tw/index.php,黃惠珍,財務部經理,(03)5983811#218,jane@cscp.com.tw,www.cscp.com.tw
20,4114,健喬信元醫藥生技股份有限公司,健喬,生技醫療業,－,台北市內湖區內湖路1段396號11樓,43199950,林智暉,林智暉,白宏欽,副總經理,劉宗玲,(02)8797-7100,59/08/25,92/05/12,新台幣 10.0000元,3131342040,313134204,0,0,合併,每年,董事會,元大證券股份有限公司,(02)2586-5859,台北市承德路3段210號地下一樓,勤業眾信聯合會計師事務所,陳重成,陳招美,SYNMOSA,"11TH FL., NO.396, SEC. 1, NEIHU ROAD,TAIPEI, TAIWAN, R.O.C.",(02)8797-2746,syn.acc@synmosa.com.tw,http://www.synmosa.com.tw,白宏欽,副總經理,(02)8797-7100,syn.acc@synmosa.com.tw,http://www.synmosa.com.tw/ugC_News.asp?hidNewsCatID=5
21,4116,明基三豐醫療器材股份有限公司,明基醫,生技醫療業,－,台北市內湖區洲子街46號7樓,23285106,陳其宏,管新寶,吳淑晴,協理,管新寶,(02)87975533,78/03/21,104/12/16,新台幣 10.0000元,445660000,44566000,0,0,合併,每年,董事會,中國信託商業銀行股份有限公司,(02)66365566,台北市重慶南路一段83號5樓,安侯建業聯合會計師事務所,唐慈杰,施威銘,BMTC,"7th Floor, No.46, Zhou-z Street, Nei-HuTaipei, Taiwan.R.O.C.",02-87975189,Stella.Wu@BenQMedicalTech.com,www.BenQMedicalTech.com,吳淑晴,協理,02-87975533(5893),CSR@BenQMedicalTech.com,www.BenQMedicalTech.com
22,4120,友華生技醫藥股份有限公司,友華,生技醫療業,－,台北市大安區復興南路一段368號7樓,12397982,蔡正弘,蔡孟霖,陳嬿娟,企業公共事務處處長,李宇玲,27554881,71/06/16,92/11/05,新台幣 10.0000元,867471190,86747119,0,0,合併,每年,股東會,康和綜合證券股份有限公司,02-87871888,110台北市信義區基隆路一段176號B1,勤業眾信聯合會計師事務所,吳怡君,方涵妮,OEP,"7F, No. 368, Sec.1, Fu Hsing S. RoadTaipei, Taiwan, R.O.C.",27024324,pr@mail.oep.com.tw,www.oep.com.tw,陳嬿娟,企業公共事務處處長,02-27554881-2758,oep@mail.oep.com.tw,http://www.oep.com.tw/zh-tw/ams/ir_1
23,4121,優盛醫學科技股份有限公司,優盛,生技醫療業,－,北市內湖區港墘路189號12樓,23123644,劉志平,劉志平,張淑娟,財務部副總經理,李春人+弟,(02)26597888,77/11/02,92/07/25,新台幣 10.0000元,843227700,84322770,0,0,合併,每年,股東會,元大證券股份有限公司股務代理部,02-25865859,台北市承德路三段210號地下一樓,安侯建業聯合會計師事務所,陳宗哲,張淑瑩,ROSSMAX,"12F,NO. 189, Kang Chien Rd.Taipei, 114, Taiwan",(02)26597666,public@rossmax.com,www.rossmax.com,張淑娟,財務部副總經理,(02)26597888,public@rossmax.com,www.rossmax.com
24,4123,晟德大藥廠股份有限公司,晟德,生技醫療業,－,台北市南港區園區街3之2號7樓,18606304,林榮錦,許瑞寶,林秀月,管理處處長,王素琦,26558680,48/11/04,92/10/07,新台幣 10.0000元,5050487470,505048747,33466714,0,合併,每年,股東會,群益金鼎證券股務代理部,2702-3999,台北市敦化南路二段97號地下二樓,富鋒聯合會計師事務所,戴維良,紀嘉祐,Center Lab.,"7F.,NO.3-2 PARK ST., NANGANG DIST.,TAIPEI CITY 115, TAIWAN (R.O.C.)",26558380,yvonne@centerlab.com.tw,www.centerlab.com.tw,林秀月,管理處處長,2655-8680分機301,catherine@centerlab.com.tw,www.centerlab.com.tw
25,4126,太平洋醫材股份有限公司,太醫,生技醫療業,－,新竹科學園區苗栗縣銅鑼鄉九湖村銅科二路8號,20765714,鍾安婷,江孟洸,王昱婷,總經理室特別助理,王湘瑜,02-28955050,66/08/06,93/02/09,新台幣 10.0000元,726000000,72600000,0,0,合併,每年,股東會,福邦證券股份有限公司,02-23711658,台北市中正區忠孝西路一段6號6樓,勤業眾信聯合會計師事務所,陳昭伶,張瑞娜,PAHSCO,"No. 8, Tongke 2nd Rd., Hsinchu Science Park, Jiuhu Vil.,Tongluo Township, Miaoli County, Taiwan",02-28978282,tinawang@pahsco.com.tw,http://www.pahsco.com.tw,王昱婷,總經理室特別助理,02-28955050*6309,tinawang@pahsco.com.tw,http://tw.pahsco.com.tw/website-94
26,4127,天良生物科技企業股份有限公司,天良,生技醫療業,－,新北市汐止區大同路一段147號9樓,85086859,沈錫聰,紀元章,郭俊雄,財務處經理,陳瑞乾,02-26483099,60/04/22,94/07/29,新台幣 10.0000元,457600000,45760000,0,0,個別,每年,股東會,台新證券股務代理部,02-25048125,臺北市建國北路一段96號B1,正風聯合會計師事務所,鄭憲修,曾國富,TLB,"9F, NO. 147, Sec. 1, Datong Rd.,Xizhi Dist, New Taipei City Taiwan",02-26475179,cfo.tlb@tlb.com.tw,www.tlb.com.tw,郭俊雄,財務處經理,02-26483099,cfo.tlb@tlb.com.tw,www.tlb.com.tw
27,4128,中天生物科技股份有限公司,中天,生技醫療業,－,台北市南港區園區街3號14樓之1,70555349,郭憲壽,郭明良,郭明良,總經理,王瀛君,02-26558558,89/05/03,95/06/09,新台幣 10.0000元,4663295150,466329515,0,0,合併,每年,董事會,兆豐證券股份有限公司,02-3393-0898,台北市忠孝東路2段95號1樓,勤業眾信聯合會計師事務所,林安惠,鄭欽宗,MICROBIO,"14F-1,No.3,Yuan Qu St,Taipei 115,Taiwan,R.O.C.Taipei, Taiwan",02-26558559,micro@microbio.com.tw,http://twmicrobio.com/,王瀛君,協理,02-26558558分機803,micro@microbio.com.tw,http://twmicrobio.com/home_04.php?p=10&a=7
28,4129,聯合骨科器材股份有限公司,聯合,生技醫療業,－,新竹市科學工業園區園區二路57號,22099982,林延生,林延生,林延生,董事長,彭友杏,(03)577-3351,82/03/05,93/09/29,新台幣 10.0000元,881116000,78111600,0,10000000,合併,每年,董事會,日盛證券股份有限公司,(02)2541-9977,台北市中山區南京東路二段85號7樓,安永聯合會計師事務所,馬君廷,黃建澤,UOC,"57 Park Ave 2 Science Park Hsinchu Taiwan,R.O.C. Hsinchu Taiwan,R.O.C.",(03)577-7156,ivy.pan@unitedorthopedic.com,https://tw.unitedorthopedic.com/,鄧元昌,財務主管,(02)2929-4567#1161,mike.teng@unitedorthopedic.com,https://tw.unitedorthopedic.com/
29,4130,健亞生物科技股份有限公司,健亞,生技醫療業,－,新竹縣湖口鄉新竹工業區工業一路一號,84149006,陳正,朱佳真,蔣維民,行政處 資深處長,林惠玲,03-5982221,82/03/24,101/01/12,新台幣 10.0000元,1100038510,110003851,0,0,合併,每年,董事會,群益金鼎證券股份有限公司,02-27023999,台北市敦化南路二段97號東帝士摩天大樓地下2樓,資誠聯合會計師事務所,林玉寬,劉倩瑜,GBL,"No.1, First Industrial Rd, Hsin-Chu Expanded ParkHsin-Chu county, Taiwan, R.O.C.",03-5982804,finance@genovate-bio.com,www.genovate-bio.com,蔣維民,行政處 資深處長,03-5982221 ext.118,williechiang@genovate-bio.com,www.genovate-bio.com/chinese/Newup_f.htm
30,4131,晶宇生物科技實業股份有限公司,晶宇,生技醫療業,－,台中市北屯區文心路四段621號1樓,16680539,楊文通,楊文通,李義祥,財務經理,楊艷雀,037-585585,87/10/22,93/04/09,新台幣 10.0000元,190000000,19000000,7990004,0,合併,每年,股東會,富邦證券股份有限公司,02-23611300,台北市100許昌街17號2樓(壽德大樓),安永聯合會計師事務所,黃子評,陳明宏,DR.Chip,"1F., No. 621, Sec. 4, Wenxin Rd., Beitun Dist.Taichung City 406, Taiwan (R.O.C.)",037-585586,jack.lee@mail.bio-drchip.com.tw,www.bio-drchip.com.tw,李義祥,財務經理,037-585585,jack.lee@mail.bio-drchip.com.tw,www.bio-drchip.com.tw
31,公司代號,公司名稱,公司簡稱,產業類別,外國企業註冊地國,住址,營利事業統一編號,董事長,總經理,發言人,發言人職稱,代理發言人,總機電話,成立日期,上櫃日期,普通股每股面額,實收資本額(元),已發行普通股數或TDR原發行股數,私募普通股(股),特別股(股),編製財務報告類型,普通股盈餘分派或虧損撥補頻率,普通股年度(含第4季或後半年度)現金股息及紅利決議層級,股票過戶機構,過戶電話,過戶地址,簽證會計師事務所,簽證會計師1,簽證會計師2,英文簡稱,英文通訊地址,傳真機號碼,電子郵件信箱,公司網址,投資人關係聯絡人,投資人關係聯絡人職稱,投資人關係聯絡電話,投資人關係聯絡電子郵件,公司網站內利害關係人專區網址
32,4138,曜亞國際股份有限公司,曜亞,生技醫療業,－,新北市中和區中正路880號14樓,80527809,傅輝東,吳國龍,王明廷,總經理特助,江志浩,(02)2221-7733,92/10/09,99/12/29,新台幣 10.0000元,300000000,30000000,0,0,合併,每年,董事會,統一綜合證券(股)公司,(02)27463797,台北市東興路8號B1樓,安侯建業聯合會計師事務所,吳趙仁,林琬琬,DMT,"14F, No. 880, Jhongjheng Rd., Jhonghe CityTaipei County 235, Taiwan. R.O.C.",(02)2221-6394,fi0003@dmttw.com,http://www.dmttw.com.tw/,王明廷,總經理特助,(02)2225-1888#1688,fi0003@dmttw.com,http://www.dmttw.com.tw/newslist/index.aspx?id=2
33,4139,馬光保健控股股份有限公司,馬光-KY,生技醫療業,KY 開曼群島,"PO Box 61,3rd Floor Harbour Centre,North Church Street,Grand",28993894,黃博聞,黃傳勝,黃傳勝,總經理,陳怡君,(07)555-0864,98/07/14,100/04/29,新台幣 10.0000元,425499110,42549911,0,0,合併,每年,股東會,日盛證券股份有限公司,02) 2541-9977,台北市中山區南京東路二段85號7樓,安永聯合會計師事務所,謝勝安,陳政初,KY M.K.,"4F., No.693, Mingcheng 3Rd., Gushan DistKaohsiung City 804 Taiwan (R.O.C)",(07)555-4035,kymk041@gmail.com,http://makuanggroup.com/cn/default.aspx,陳怡君,財務主管,(07)555-0864,kymk025@gmail.com,http://makuanggroup.com/cn/MG_investor.aspx
34,4147,中裕新藥股份有限公司,中裕,生技醫療業,－,台北市內湖區瑞光路607號3樓,28707338,張念原,張念原,張念原,董事長兼執行長,陳怡成,(02)26580058,96/09/05,104/11/23,新台幣 10.0000元,2523110000,252311000,0,0,合併,每年,股東會,元富證券股份有限公司,(02)27686668,105台北市松山區光復北路11巷35號地下一樓,勤業眾信聯合會計師事務所,陳彥君,趙永祥,TMB,"3F., No.607, Ruiguang Rd., Neihu DistTaipei City, 11492 Taiwan. R.O.C.",(02)26586058,jackchen@taimedbiologics.com,http://www.tmb.com.tw,陳怡成,財務長,(02)26580058,jchen@taimedbio.com,http://www.taimedbiologics.com/cht/contact/contact_us
35,4153,鈺緯科技開發股份有限公司,鈺緯,生技醫療業,－,新北市中和區中山路2段351號9樓,89376900,黃漢州,趙知恒,麥聖御,行政長,江佳芬,(02)22268631,84/04/11,102/05/23,新台幣 10.0000元,617590890,61759089,20856222,0,合併,每年,股東會,富邦綜合證券股份有限公司,(02)23611300,台北市許昌街17號2樓,勤業眾信聯合會計師事務所,卓明信,邵志明,DIVA Labs.,"9F, No.351, Sec. 2, Zhongshan RdZhonghe Dist., New Taipei City, Taiwan",(02)22262423,spokesman1@diva.com.tw,http://www.diva.com.tw/,麥聖御,行政長,(02)22268631#161,michael_mai@diva.com.tw,http://www.diva.com.tw/zh-tw/investor/index/5
36,4154,樂威科股份有限公司,樂威科-KY,生技醫療業,KY 開曼群島,"Intertrust Corporate Services (Cayman) Limited, 190 Elgin Av",26330076,張乃文,張乃文,張文蒨,財務長,張乃文,02-23252295,99/08/09,100/12/28,新台幣 10.0000元,357200000,35720000,16194000,0,合併,每年,股東會,國票綜合證券(股)公司股務代理部,02-2528-8988,台北市松山區南京東路五段188號15樓,建昇財稅聯合會計師事務所,陳仁基,陳姿勻,Raku-KY,"18F., No.1, Songzhi Rd., Xinyi Dist., Taipei City 110411, Taiwan (R.O.C.)Taiwan Taipei 110411",02-23253359,enquiry@raku-tec.com.tw,https://www.raku-tec.com.tw/,張文蒨,財務長,02-2325-2295,joanne.chang@raku-tec.com.tw,https://www.raku-tec.com.tw/
37,4157,太景醫藥研發控股股份有限公司,太景*-KY,生技醫療業,KY 開曼群島,中華民國台灣台北市內湖區新明路138號7樓,31982484,黃國龍,黃國龍,黃國龍,董事長暨執行長,呂理堅,0281777020,94/09/15,103/01/17,美元 0.0010元,20910392,716844175,0,0,合併,每年,股東會,永豐金證券股份有限公司,0223816288,中華民國台灣台北市中正區博愛路17號3樓,勤業眾信聯合會計師事務所,許秀明,翁雅玲,TAIGEN,"Box 309, Ugland HouseGrand Cayman, KY1-1104, Cayman Islands",0227963606,ir@taigenbiotech.com,http://www.taigenbiotech.com/,王暄茹,經理,0281777020#1724,ir@taigenbiotech.com,http://www.taigenbiotech.com.tw/Product/4-2
38,4160,創源生物科技股份有限公司,創源,生技醫療業,－,台北市內湖區新湖一路36巷28號6樓,24268870,張漢東,蔡政憲,涂蕙蘭,資深經理,蔡政憲,(02)2795-1777,97/11/21,101/09/17,新台幣 10.0000元,242470160,24247016,0,0,合併,每年,股東會,中國信託商業銀行(股)公司代理部,(02)6636-5566,台北市重慶南路一段83號5樓,資誠聯合會計師事務所,潘慧玲,黃珮娟,GGA Corp.,"6F, No28, Ln.36, Xinhu 1st Rd., Neihu Dist.,Taipei City 11494, Taiwan",(02)2793-8009,GGA@GGA.Asia,www.GGA.Asia,黃芳春,副理,(02)27951777分機1668,Lulu@GGA.Asia,www.gga.asia/tc/Overview/Investors/about_news_detail/23
39,4161,聿新生物科技股份有限公司,聿新科,生技醫療業,－,350苗栗縣竹南鎮公館里中華南路188號,16930971,楊金昌,楊金昌,涂耀仁,竹科分公司執行長,吳坤烈,037-626699,88/06/01,102/06/26,新台幣 10.0000元,526597360,52659736,0,0,合併,每年,董事會,群益金鼎證券股份有限公司,02-27023999,台北市敦化南路二段97號B2,資誠聯合會計師事務所,劉倩瑜,林玉寬,BIOPTIK,"No.188, Zhonghua S. Rd., Zhunan TownshipMiaoli County 35057, Taiwan(R.O.C.)",037-620997,miko@bioptik.com.tw,http://www.bioptik.com.tw/,涂耀仁,竹科分公司執行長,03-5782999,Richard@bioptik.com.tw,http://www.bioptik.com.tw/
40,4162,智擎生技製藥股份有限公司,智擎,生技醫療業,－,台北市民生東路3段10號11樓,80264691,杜德成,王宏仁,張麒星,副總經理,吳兆升,02-25158228,91/08/12,101/09/18,新台幣 10.0000元,1465968400,146596840,0,0,合併,每年,股東會,元大證券股份有限公司,02-2586-5859,台北市大同區承德路三段210號B1,資誠聯合會計師事務所,梁華玲,游淑芬,PEI,"11F, 10 Minsheng E. Road, Sec. 3, Taipei 104 TaiwanTaipei, Taiwan",02-25157558,info@pharmaengine.com,www.pharmaengine.com,張麒星,副總經理,02-25158228,chihsing.chang@pharmaengine.com,www.pharmaengine.com
41,4163,鐿鈦科技股份有限公司,鐿鈦,生技醫療業,－,台中市南屯區文山里精科路9號,27473348,鍾兆塤,林俊男,王錦祥,副總經理,張雅琪,04-23595336,93/10/21,101/11/15,新台幣 10.0000元,482901430,48290143,0,0,合併,每年,股東會,台新證券股務代理部,02-25048125,台北市中山區建國北路一段96號B1,勤業眾信聯合會計師事務所,吳少君,曾棟鋆,INTAI,"NO.9,JINGKE RD.,NANTUN DIST.,TAICHUNG CITY 40852,TAIWAN(R.O.C.)",04-23503906,sp@mail.intai.com.tw,www.intai.com.tw,王錦祥,副總經理,04-23595336,sp@mail.intai.com.tw,http://ir.intai.com.tw/?act=interested
42,4167,松瑞製藥股份有限公司,松瑞藥,生技醫療業,－,350新竹科學園區苗栗縣竹南鎮科中路29號,80642673,漢友財務管理顧問股份有限公司代表人李香雲,陳勇發,汪乃儀,協理,林彥嵐,037-580100,93/01/30,104/09/08,新台幣 10.0000元,3168026070,316802607,0,0,個別,每年,股東會,宏遠證券股份有限公司股務代理部,02-2326-8818,10680臺北市大安區信義路四段236號3樓,資誠聯合會計師事務所,劉倩瑜,林玉寬,SLC,"No.29,Kejhong Road,Chu-Nan Site,Hsinchu Science Park,Miao-Li County,Taiwan 350,R.O.C.",037-580200,stock@saviorlifetec.com.tw,http://www.saviorlifetec.com.tw/zh/,汪乃儀,協理,037-580100#1850,stock@saviorlifetec.com.tw,http://www.saviorlifetec.com.tw/zh/investors-7
43,4168,台灣醣聯生技醫藥股份有限公司,醣聯,生技醫療業,－,新北市汐止區新台五路一段97號8樓,12683520,張東玄,楊玫君,呂耀華,副總經理,吳蒂芬,(02)2697-4168,90/02/01,101/12/18,新台幣 10.0000元,974818100,97481810,3036000,0,合併,每年,董事會,福邦證券股份有限公司股務代理部,(02)2371-1658,台北市中正區忠孝西路一段6號6樓,資誠聯合會計師事務所,游淑芬,顏裕芳,GlycoNex Inc.,"8F., No.97, Sec. 1, Xintai 5th Rd., Xizhi Dist.,New Taipei City 22175,Taiwan",(02)2697-1168,mail@glyconex.com.tw,http://www.glyconex.com.tw/,呂耀華,副總經理,(02)2697-4168,rogerlu@glyconex.com.tw,http://www.glyconex.com.tw/investor.php
44,4173,久裕企業股份有限公司,久裕,生技醫療業,－,新北市中和區中正路880號14樓之5,05071926,傅輝東,彪士偉,王明廷,總經理特助,林怡彣,(02)8227-7999,69/06/02,102/10/31,新台幣 10.0000元,745743550,74574355,0,0,個別,每年,董事會,統一綜合證券(股)公司,(02)2746-3797,台北市東興路8號B1,安侯建業聯合會計師事務所,林琬琬,吳趙仁,ARICH,"14F-5, No. 880, Zhongzheng Rd., Zhonghe Dist.New Taipei City 23586, Taiwan, R.O.C.",(02)2222-6171,tim.wang@arich.com.tw,http://www.arich.com.tw,王明廷,總經理特助,(02)2225-1888#1688,tim.wang@arich.com.tw,http://www.arich.com.tw/big/investors_09.asp
45,4174,台灣浩鼎生技股份有限公司,浩鼎,生技醫療業,－,(11503)台北市南港區園區街3號19樓,13110677,張念慈,張念慈,張念慈,執行長,賴明添,(02)2655-8799,91/04/29,104/03/23,新台幣 10.0000元,1992793740,199279374,0,0,合併,每年,股東會,元富證券股份有限公司,(02)2768-6668,台北市松山區光復北路11巷35號地下一樓,資誠聯合會計師事務所,鄧聖偉,梁華玲,OBI,"19F, No.3, Yuan Qu Street , Nangang Software ParkTaipei City 11503, Taiwan R.O.C",(02)2655-8798,info@obipharma.com,http://www.obipharma.com/,李淑娟,公共關係暨政府事務處處長,(02)2786-6589,slee@obipharma.com,http://www.obipharma.com/
46,4175,杏一醫療用品股份有限公司,杏一,生技醫療業,－,(33375)桃園市龜山區復興一路94號1、2樓,86649006,陳麗如,蔡德忠,王定睿,協理,吳震紝,(03)3970761,81/05/07,103/04/23,新台幣 10.0000元,352323640,35232364,0,0,合併,每年,股東會,富邦綜合證券股份有限公司,(02)2361-1300,台北市許昌街17 號2 樓,勤業眾信聯合會計師事務所,池瑞全,郭乃華,MedFirst,"1~2F., No.94, Fuxing 1st Rd., Guishan Dist.,Taoyuan City 333, Taiwan (R.O.C.)",(03)3285892,ir@medfirst.com.tw,http://www.medfirst.com.tw/,王定睿,協理,(03)3970761,ir@medfirst.com.tw,https://www.medfirst.com.tw/website_module.php?website_module_classify_sn=120
47,公司代號,公司名稱,公司簡稱,產業類別,外國企業註冊地國,住址,營利事業統一編號,董事長,總經理,發言人,發言人職稱,代理發言人,總機電話,成立日期,上櫃日期,普通股每股面額,實收資本額(元),已發行普通股數或TDR原發行股數,私募普通股(股),特別股(股),編製財務報告類型,普通股盈餘分派或虧損撥補頻率,普通股年度(含第4季或後半年度)現金股息及紅利決議層級,股票過戶機構,過戶電話,過戶地址,簽證會計師事務所,簽證會計師1,簽證會計師2,英文簡稱,英文通訊地址,傳真機號碼,電子郵件信箱,公司網址,投資人關係聯絡人,投資人關係聯絡人職稱,投資人關係聯絡電話,投資人關係聯絡電子郵件,公司網站內利害關係人專區網址
48,4183,福永生物科技股份有限公司,福永生技,生技醫療業,－,(30076)新竹科學園區新竹縣寶山鄉研發三路8號,80064027,郭鳳琳,卓振輝,卓振輝,總經理,林智香,03-6686868,91/10/22,106/03/09,新台幣 10.0000元,238000000,23800000,0,0,個別,每年,股東會,台新證券股務代理部,02-25048125,台北市中山區建國北路一段96號B1,勤業眾信聯合會計師事務所,陳薔旬,梁盛泰,EPS Bio,"NO.8, R&D RD Ⅲ, Hsinchu Science ParkHsinchu, Taiwan, R.O.C.",03-6686866,spokesman@epsbio.com.tw,http://www.epsbio.com.tw/,林智香,處長,03-6686868,ir@epsbio.com.tw,http://www.epsbio.com.tw/
49,4188,安克生醫股份有限公司,安克,生技醫療業,－,台北市復興北路167號5樓,24316471,李伊俐,李伊俐,張文嵐,財會主管(暫代),康玲華,02-27136227,97/12/26,104/03/24,新台幣 10.0000元,532214000,53221400,0,0,合併,每年,股東會,福邦證券股份有限公司,02-2371-1658,台北市中正區忠孝西路一段６號６樓,安永聯合會計師事務所,王彥鈞,林素雯,AmCad,"5F, No.167, Fuxing N. Rd., Songshan Dist.TAIPEI,TAIWAN.R.O.C.",02-27152181,ellen.chang@amcad.com.tw,https://www.amcad.com.tw/,張文嵐,財會主管(暫代),02-27136227,maureen.chang@amcad.com.tw,https://www.amcad.com.tw/tw/investor/interested_parties
50,4192,杏國新藥股份有限公司,杏國,生技醫療業,－,宜蘭縣冬山鄉中山村中山路84號,29118865,李志文,蘇慕寰,蘇慕寰,總經理,梁家豪,(02)2764-0826,97/06/26,103/10/28,新台幣 10.0000元,1150770000,115077000,45210000,0,合併,每年,股東會,永豐金證券股務代理部,(02)2381-6288,台北市博愛路17號3樓,國富浩華聯合會計師事務所,諶清,潘金樹,SynCore,"84 CHUNG SHAN RD.,CHUNG SHAN VILLAGETUNG-SHAN SHINE , I-LAN 269 , TAIWAN.",(02)2763-3307,finance@syncorebio.com,http://www.syncorebio.com,梁家豪,財會管理處協理,02-27640826,Info@syncorebio.com,http://www.syncorebio.com/?page=Invest&item=Stakeholder&
51,4198,欣大健康投資控股股份有限公司,欣大健康,生技醫療業,－,台北市內湖區新湖一路85號7樓,54154754,李沛霖,葉治明,李典穎(代理),營運長,李典穎,(02)8792-2699,102/01/07,103/12/23,新台幣 10.0000元,805400000,80540000,38000000,0,合併,每年,股東會,中國信託商業銀行代理部,(02)6636-5566,台北市重慶南路一段83號5樓,資誠聯合會計師事務所,鄧聖偉,蔡亦臺,S&S,"7F, No.85, Xinhu 1st Rd.Taipei City 114, Taiwan(R.O.C.)",(02)8792-1898,ir@swissray.com,www.swissray.com,高培修,股務經理,(02)8792-2671,ir@swissray.com,www.swissray.com
52,4702,中美聯合實業股份有限公司,中美實,化學工業,－,台北市大安區敦化南路二段七十六號十二樓,11121403,關心,關心(暫代),王志國,高級專員,林詩芸,27038496,53/01/09,84/04/21,新台幣 10.0000元,723332000,72333200,0,0,合併,每年,股東會,群益金鼎證券股份有限公司,27023999,台北市大安區敦化南路二段97號B2,資誠聯合會計師事務所,阮呂曼玉,林瑟凱,ALLIED,"12TH FL., NO.76 SEC.2 TUN-HWA SOUTH ROAD.TAIPEI.10661 TAIWAN, R.O.C.",27030205,audit@aicgroup.com.tw,http://www.aicgroup.com.tw,林詩芸,財會主管,02-27038496#158,jennifer.lin@aicgroup.com.tw,http://www.aicgroup.com.tw
53,4706,大恭化學工業股份有限公司,大恭,化學工業,－,台北市南港區八德路四段778號7樓,11051504,鄧加惠,張榮華,吳美娜,財務長,吳貽靜,(02)-27859081,55/04/20,87/04/17,新台幣 10.0000元,790300930,79030093,0,0,合併,每年,股東會,中國信託商業銀行股份有限公司,02-6636-5566,台北市重慶南路一段83號5樓,勤業眾信聯合會計師事務所,趙永祥,鄭欽宗,TKC,"7TH FLOOR, 778, PA TE ROAD,SEC. 4,TAIPEI, TAIWAN",(02)-27850907,tkc@ms10.ur1.com.tw,www.tkc.com.tw,吳美娜,財務長,(02)-27859081 ext68,anne@tkc.com.tw,http://www.tkc.com.tw/3-1.asp
54,4707,磐亞股份有限公司,磐亞,化學工業,－,台北市新生南路一段50號11樓,05712099,王貴賢,王皆誼,陳國慶,副總經理,溫玉桃,2351-1212,71/04/06,87/05/20,新台幣 10.0000元,3280262820,328026282,0,0,個別,每年,股東會,磐亞股份有限公司,2351-1212,台北市新生南路一段50號11樓,勤業眾信會計師事務所,徐文亞,游素環,PACC,"11F,50 SEC 1 ,HSIN SHENG SOUTH RD, TAIPEI,TAIWAN R.O.C.",23972549,4707pacc@pacc.com.tw,http://www.pacc.com.tw,陳國慶,副總經理,2395-3821,stock@cmfc.com.tw,http://www.pacc.com.tw/contact_tw_1.php
55,4711,永純化學工業股份有限公司,永純,化學工業,－,台北市松江路168號11樓,35108702,蔡慶芳,林誠謙,劉慶明,總經理室協理,陳富美,(02)25620950,54/07/31,88/02/24,新台幣 10.0000元,610560000,61056000,0,0,合併,每年,股東會,元大證券股份有限公司股務代理部,02-25865859,台北市大同區承德路3段210號B1,勤業眾信聯合會計師事務所,游素環,池瑞全,YONG SHUN,"11F ,NO.168 SUNG CHIANG ROAD TAIPEI, TAIWAN, R.O.C.",(02)25623450,yong.shun@msa.hinet.net,www.yongshunchemical.com,劉慶明,總經理室協理,(02)2562-0950-111,chris.ming123@yahoo.com.tw,www.yongshunchemical.com
56,4714,永捷創新科技股份有限公司,永捷,化學工業,－,台南市安定區安加里258之26號,86123874,張祐銘,黃南豪,黃南豪,總經理,趙英助,06-5920381,80/08/29,89/03/27,新台幣 10.0000元,1394638180,139463818,0,0,合併,每半會計年度,董事會,福邦證券股份有限公司股務代理部,02-2371-1658,台北市中正區忠孝西路一段6號6樓,安侯建業聯合會計師事務所,許振隆,陳惠媛,UB,"No.258-26, Anding, Anding Dist., Tainan City 74546, Taiwan (R.O.C.)",06-5923985,ub1234@ms12.hinet.net,http://www.u-best-inno.com/,趙英助,經理,06-5920381#103,ub1234@ms12.hinet.net,http://www.u-best-inno.com/
57,4716,大立高分子工業股份有限公司,大立,化學工業,－,高雄市永安區永工二路18號,85004174,洪玉升,蕭國華,洪玉升,董事長,李易展,07-2257200,59/07/21,89/03/27,新台幣 10.0000元,743095610,74309561,0,0,合併,每年,股東會,統一綜合證券股份有限公司,02-27478266,台北市松山區東興路8號地下一樓,安永聯合會計師事務所,陳政初,黃世杰,DAILY,"No. 18, Yonggong 2nd Rd., Yong’an Dist.,Kaohsiung City 828, Taiwan",07-2257229,dlgl10@mail.daily-polymer.com,www.daily-polymer.com,李易展,財務主管,(07)2257200#261,dlgl10@mail.daily-polymer.com,www.daily-polymer.com
58,4721,美琪瑪國際股份有限公司,美琪瑪,化學工業,－,桃園市觀音區草漯里大同一路1號,86688957,嚴隆財,嚴隆財,蔡文勳,執行副總,嚴文志,03-4833788,81/06/30,90/03/09,新台幣 10.0000元,749863040,74986304,0,0,合併,每年,董事會,宏遠證券股份有限公司,(02)77198899,106台北市信義路四段236號3樓,勤業眾信聯合會計師事務所,邱鏞銘,施錦川,mechema,"No. 1, TA-TUNG 1st. RD., KUNG-YING DISTRICT, TAO-YUAN CITY, TAIWAN",03-4833799,info@mechema.com,www.mechema.com,蔡文勳,執行副總,03-4833788,leslie@mechema.com,http://www.mechema.com/wordpress/?page_id=547
59,4726,永昕生物醫藥股份有限公司,永昕,生技醫療業,－,(30261)新竹科學園區新竹縣竹北市生醫二路66號7樓,12905993,林榮錦,陳佩君,陳佩君,總經理,周維宜,03-6670880,90/09/28,102/12/25,新台幣 10.0000元,1533337000,153333700,18000000,0,個別,每年,股東會,群益金鼎證券(股)公司股務代理部,02-27023999,106台北巿大安區敦化南路2段97號B2,富鋒聯合會計師事務所,吳金地,戴維良,Mycenax,"7F., No. 66, Shengyi 2nd RdZhubei City, Hsinchu County, Taiwan",03-6672442,info@mycenax.com.tw,http://www.mycenax.com.tw,孫德珠,經理,03-6670880,stacy.sun@mycenax.com.tw,http://www.mycenax.com.tw
60,4728,雙美生物科技股份有限公司,雙美,生技醫療業,－,台南市新市區環東路一段31巷10號1樓,12744147,林齊國,林明毅,郭美幸,發言人,暫缺,06-5053288,90/02/06,101/01/10,新台幣 10.0000元,544630000,54463000,0,0,合併,每年,股東會,宏遠證券股份有限公司股務代理部,02-23268818,台北市信義區信義路四段236號3樓,南台聯合會計師事務所,丁澤祥,蔡玉琴,Sunmax,"1F., No.10, Lane 31, Sec. 1, Huandong Rd., Sinshih Dist.,Tainan City 744, Taiwan (R.O.C.)",06-5053289,c_tsai@sunmaxbiotech.com,http://www.sunmaxbiotech.com,蔡嘉禛,副理,06-5053288,c_tsai@sunmaxbiotech.com,http://www.sunmaxbiotech.com.tw/2_4.html
61,4735,豪展醫療科技股份有限公司,豪展,生技醫療業,－,新北市三重區光復路一段78號9樓,96965874,莊明輝,紀強,紀強,總經理,陳秋桂,(02)85121568,85/05/14,100/08/16,新台幣 10.0000元,369317580,36931758,0,0,合併,每季,董事會,富邦證券股份有限公司,(02)2361-1300,台北市許昌街17號2樓,寶業聯合會計師事務所,余煒楨,王瑞呈,Avita,"9F,No.78,Sec.1,Kwang-Fu Rd.,Sanchong, New Taipei City Taiwan,R.O.C",(02)85121347,ivy_kao@avita.com.tw,http://www.avita.com.tw,莊仲杰,財務長,(02)8512-1568,frank_chuang@avita.com.tw,http://www.avita.com.tw
62,4736,泰博科技股份有限公司,泰博,生技醫療業,－,新北市五股區五工二路127號6樓,16584326,陳朝旺,陳朝旺,曾俊傑,法務經理,黃琪婷,02-66258188,87/05/11,99/12/01,新台幣 10.0000元,928235630,92823563,0,0,合併,每年,董事會,凱基證券股份有限公司,02-23892999,10044台北市中正區重慶南路一段2號5樓,勤業眾信會計師事務所,池瑞全,翁博仁,TaiDoc,"6F No.127, Wugong 2 nd RD.Wugu, Taipei County, Taiwan",02-66250288,anita@taidoc.com.tw,http://www.taidoc.com.tw,曾俊傑,法務經理,02-66258188,Jay.Tseng@taidoc.com.tw,http://www.taidoc.com.tw/taidoc-stakeholder.html
63,公司代號,公司名稱,公司簡稱,產業類別,外國企業註冊地國,住址,營利事業統一編號,董事長,總經理,發言人,發言人職稱,代理發言人,總機電話,成立日期,上櫃日期,普通股每股面額,實收資本額(元),已發行普通股數或TDR原發行股數,私募普通股(股),特別股(股),編製財務報告類型,普通股盈餘分派或虧損撥補頻率,普通股年度(含第4季或後半年度)現金股息及紅利決議層級,股票過戶機構,過戶電話,過戶地址,簽證會計師事務所,簽證會計師1,簽證會計師2,英文簡稱,英文通訊地址,傳真機號碼,電子郵件信箱,公司網址,投資人關係聯絡人,投資人關係聯絡人職稱,投資人關係聯絡電話,投資人關係聯絡電子郵件,公司網站內利害關係人專區網址
64,4741,泓瀚科技股份有限公司,泓瀚,化學工業,－,(30093)新竹市大湖路173-2號,80627878,呂(木宜)境,呂(木宜)境,陳昭菁,財務協理,李聖然,03-5181666,93/01/02,106/09/26,新台幣 10.0000元,328415840,32841584,0,0,合併,每年,董事會,富邦綜合證券股份有限公司,(02)23611300,台北市許昌街17號2樓,勤業眾信聯合會計師事務所,林政治,黃裕峰,Jetbest,"No.173-2, Dahu Rd., Xiangshan Dist.,Hsinchu City 300, Taiwan",03-5181601,IR@jetbest.com,http://www.jetbest.com,陳昭菁,財務協理,03-5181666,IR@jetbest.com,http://www.jetbest.com
65,4743,合一生技股份有限公司,合一,生技醫療業,－,台北市大安區信義路四段236號11樓,29108260,黃山內,鄭志慧,鄭志慧,總經理,蕭文慈,02-27031098,97/06/02,100/09/23,新台幣 10.0000元,3824373710,382437371,0,0,合併,每年,董事會,元富證券股份有限公司,02-27686668,台北市松山區光復北路11巷35號地下一樓,勤業眾信聯合會計師事務所,林安惠,鄭欽宗,ONENESS BIOTECH,"11F., No.236, Sec. 4, Xinyi Rd., Da' an Dist., Taipei City 106, TaiwanTaipei, Taiwan",02-27031576,onenessbio@onenessbio.com.tw,http://www.onenessbio.com,蕭文慈,財務主管,02-26558860,onenessbio@onenessbio.com.tw,http://www.onenessbio.com
66,4744,皇將科技股份有限公司,皇將,生技醫療業,－,41280台中市大里區仁化里工業九路190號,80234971,顏德新,張凱勛,林靜美,行政副總,陳翰儂,(04)2496-3666,91/08/19,107/07/12,新台幣 10.0000元,471968970,47196897,0,0,合併,每年,董事會,褔邦證券股份有限公司,02-2371-1658,台北市中正區忠孝西路一段６號６樓,安侯建業聯合會計師事務所,陳燕慧,陳政學,CVC,"No. 190, Gongye 9th Rd.,Dali Dist, Taichung City 412, Taiwan",(04)3705-6555,shiny.chen@cvctechnologies.com,https://www.cvctechnologies.com.tw/,陳翰儂,財務經理,04-24963666,shiny.chen@cvctechnologies.com,https://www.cvctechnologies.com.tw/investor-area/responsibility/stakeholder.html
67,4745,合富醫療控股股份有限公司,合富-KY,生技醫療業,KY 開曼群島,"Suite 102, Cannon Place, North Sound Rd., George Town",09906168,王瓊芝,李惇,王瓊芝,董事長,蘇怡瑄,(02)2325-2008,94/11/04,102/01/30,新台幣 10.0000元,774495470,77449547,0,0,合併,每年,股東會,中國信託商業銀行代理部,(02)6636-5566,台北市重慶南路一段八十三號五樓,安侯建業聯合會計師事務所,周寶蓮,謝秋華,CMH,"Suite 102, Cannon Place, North Sound Rd., George Town,P.O. Box 712,Grand Cayman, KY1-9006, Cayman Islands",(02)2325-0222,ir@cowealth.com,www.cowealthholding.com,蘇怡瑄,財會主管,(02)2325-2008,IR@cowealth.com,www.cowealthholding.com
68,4747,強生化學製藥廠股份有限公司,強生,生技醫療業,－,"(241)新北市三重區三和路四段77,79號",35348007,黃柏熊,黃柏熊,林俊巍,營業部經理,陳怡秀,(02)2989-4756,55/12/15,102/12/25,新台幣 10.0000元,300187500,30018750,0,0,合併,每年,股東會,統一綜合證券股份有限公司,(02)2747-8266,台北市松山區東興路8號B1樓,安永聯合會計師事務所,林麗凰,徐榮煌,JCP,"NO.77,79,SECTION 4,SANHO ROAD.SANCHUNG DIST,NEW TAIPEI CITY 241,TAIWAN",(02)2971-2579,jcp@jcpjohnson.com.tw,http://www.jcpjohnson.com.tw,林俊巍,經理,02-29894756,investor@jcpjohnson.com.tw,http://www.jcpjohnson.com.tw
69,4754,國碳科技股份有限公司,國碳科,化學工業,－,338桃園市蘆竹區濱海里中圳街176號,16446422,賀東光,黃俊傑,陳佳暉,副總經理,錢若芃,03-3542168,87/05/11,105/09/28,新台幣 10.0000元,250274510,25027451,0,0,合併,每年,股東會,群益金鼎證券股份有限公司,0227023999,台北市大安區敦化南路二段97號B2,安侯建業聯合會計師事務所,郭欣頤,寇惠植,INCA,"No. 176, Zhongzun St., Luzhu Dist., Taoyuan City 338, Taiwan (R.O.C.)TAOYUAN TW",03-3543488,market@incatech.com.tw,http://www.incatech.com.tw/,陳佳暉,副總經理,03-3544188,market@incatech.com.tw,http://www.incatech.com.tw/
70,4767,誠泰工業科技股份有限公司,誠泰科技,化學工業,－,高雄市路竹區路科三路1號,88744414,王勝義,蘇忠仁,林劍青,財務部協理,黃沛縈,(07)695-5222,72/06/13,107/10/29,新台幣 10.0000元,314150000,31415000,0,0,合併,每年,董事會,中國信託商業銀行 代理部,(02)6636-5566,台北市重慶南路一段83號5樓,勤業眾信聯合會計師事務所,張青霞,邱盟捷,CHETAY,"No.1, Luke 3rd Rd., Luzhu Dist.,Kaohsiung City 821, Taiwan (R.O.C.)",(07)695-5798,info@mail.cherngtay.com,http://www.chetay.com.tw,林劍青,財務部協理,(07)695-5222,ct4767@mail.cherngtay.com,http://www.chetay.com.tw
71,4911,德英生物科技股份有限公司,德英,生技醫療業,－,台南市安南區科技五路92號,80225425,郭國華,郭國華,周省輝,稽核主管,陳姝妙,06-3840890,91/08/06,100/03/21,新台幣 10.0000元,556600000,55660000,0,0,個別,每年,股東會,華南永昌綜合證券股份有限公司,02-27186425,臺北市民生東路四段54號4樓,資誠聯合會計師事務所,林永智,田中玉,G&E,"No.92,Keji 5th Rd., Annan Dist., Tainan CityAnnan Dist., Tainan 70955, Taiwan",06-3840918,ge@geherbs.com.tw,www.geherbs.com.tw,周省輝,稽核主管,06-3840890-205,chou@geherbs.com.tw,www.geherbs.com.tw
72,5312,寶島光學科技股份有限公司,寶島科,生技醫療業,－,新北市汐止區新台五路一段97號16F,23530966,蔡國洲,蔡宜珊,張立徽,財會室副總經理,王曉萍,26972886,78/11/09,85/05/25,新台幣 10.0000元,600598980,60059898,0,0,合併,每年,股東會,元富證券股份有限公司股務代理部,27686668,台北市松山區光復北路11巷35號地下一樓,勤業眾信聯合會計師事務所,趙永祥,張青霞,FORMOSA,"16F,NO.97,Sec.1,Xintai, 5th Rd.,Xizhi Dist.,New Taipei City,Taiwan,R.O.C",26971166,lihui@ms.formosa-opt.com.tw,www.formosa-optical.com.tw,張立徽,財會室副總經理,26972886,lihui@ms.formosa-opt.com.tw,www.formosa-optical.com.tw
73,6130,星寶國際股份有限公司,星寶國際,生技醫療業,－,臺北市松山區南京東路5段188號9樓之12,84659035,黃坤鍵,黃坤鍵,黃筱玲,財務長,黃坤鍵,02-27132100,83/01/07,91/03/26,新台幣 10.0000元,375000000,37500000,2500000,0,合併,每年,股東會,永豐金證券股份有限公司,(02)2381-6288,台北市博愛路17號3樓,國富浩華聯合會計師事務所,王戊昌,陳桂美,SIC,"9F.-12, No. 188, Sec. 5, Nanjing E. Rd., Songshan Dist.,Taipei City10571 , Taiwan R.O.C.",02-27132101,liping@genomeib.com,www.genomeib.com,黃筱玲,財務長,02-27132100,bell@genomeib.com,http://www.genomeib.com/about_a_1.html
74,6242,立康生醫事業股份有限公司(亨豐),立康,生技醫療業,－,台南巿永康區王行里環工路29號,12549828,鄭育修,鄭育修,莊祐霖,協理,林麗郁,(06)2012452,74/04/16,92/04/23,新台幣 10.0000元,222000000,22200000,14184186,0,個別,每年,股東會,群益金鼎證券股務代理部,(02)2702-3999,台北市大安區敦化南路二段97號地下二樓,勤業眾信聯合會計師事務所,楊朝欽,廖鴻儒,LI KANG,"No.29, Huangong Rd., Yongkang Dist.,Tainan City 71041, Taiwan (R.O.C.)",(06)2012514,likangbio@herbalmed.com.tw,http://likangbio.com,林麗郁,財務經理,(06)2012452,selena3691@herbalmed.com.tw,http://www.likangbio.com/style/frame/templates15/about.asp?lang=1&customer_id=2836&content_set=color
75,6446,藥華醫藥股份有限公司,藥華藥,生技醫療業,－,台北市南港區園區街3號13樓,70557655,詹青柳,黃正谷,林國鐘,執行長,黃荷婷,02-26557688,89/05/09,105/07/19,新台幣 10.0000元,2769035910,276903591,35626145,0,合併,每年,股東會,中國信託商業銀行代理部,02-66365566,台北市重慶南路一段83號5樓,安永聯合會計師事務所,余倩如,林麗凰,PEC,"13F, No.3, YuanQu St., NanKang Dist.,Taipei 115, Taiwan",02-26557626,ir@pharmaessentia.com,http://www.PharmaEssentia.com,黃荷婷,執行長室特助,(02)26557688,ir@pharmaessentia.com,http://www.pharmaessentia.com
76,6461,益得生物科技股份有限公司,益得,生技醫療業,－,台北市內湖區瑞光路358巷36號3樓,53104031,林智暉,吳維修,洪堯國,發言人,楊千瑤,02-77218877,99/10/28,107/03/28,新台幣 10.0000元,1162790000,116279000,0,0,個別,每年,股東會,元大證券(股)公司股務代理部,02-25865859,台北市大同區承德路三段210號B1,勤業眾信聯合會計師事務所,陳重成,陳招美,Intech,"3F., No.36, Ln. 358, Ruiguang Rd.,Neihu Dist., Taipei City 114, Taiwan",02-77218800,investor@intechbiopharm.com,http://www.intechbiopharm.com,洪堯國,發言人,02-77218877,investor@intechbiopharm.com,investor@intechbiopharm.com
77,6469,大樹醫藥股份有限公司,大樹,生技醫療業,－,桃園市中壢區成章四街143號,12803476,鄭明龍,鄭明龍,盧山峰,副總經理,吳淑宜,03-4333123,90/05/15,105/03/30,新台幣 10.0000元,700430590,70043059,0,0,合併,每年,董事會,台新證券股務代理部,(02)2504-8125,台北市建國北路一段96號地下一樓,安永聯合會計師事務所,羅筱靖,洪茂益,Great Tree,"No.143, Chengzhang 4th St.,Zhongli Dist.,Taoyuan City 320, Taiwan",03-4333033,stock@greattree.com.tw,http://www.greattree.com.tw,吳淑宜,財務部協理,03-4333123,stock@greattree.com.tw,http://www.greattree.com.tw/know.aspx?d=7
78,6472,保瑞藥業股份有限公司,保瑞,生技醫療業,－,台北市內湖區瑞光路26巷36弄2號6樓,28684877,盛保熙,盛保熙,陳世民,副總經理,王錦菊,(02)27901555,96/06/12,106/04/19,新台幣 10.0000元,684122800,68412280,0,0,合併,每半會計年度,董事會,台新綜合證券股份有限公司,(02)25048125,104台北市中山區建國北路一段96號B1,安永聯合會計師事務所,傅文芳,林麗凰,Bora,"6F., No. 2, Aly. 36, Ln. 26, Ruiguang Rd.Neihu Dist., Taipei City 114, Taiwan",(02)27906595,public01@bora-corp.com,https://www.bora-corp.com/tw/,王錦菊,財務長,(02)27901555,public01@bora-corp.com,https://www.bora-corp.com/tw/investors/stakeholders/stakeholder_communication
79,公司代號,公司名稱,公司簡稱,產業類別,外國企業註冊地國,住址,營利事業統一編號,董事長,總經理,發言人,發言人職稱,代理發言人,總機電話,成立日期,上櫃日期,普通股每股面額,實收資本額(元),已發行普通股數或TDR原發行股數,私募普通股(股),特別股(股),編製財務報告類型,普通股盈餘分派或虧損撥補頻率,普通股年度(含第4季或後半年度)現金股息及紅利決議層級,股票過戶機構,過戶電話,過戶地址,簽證會計師事務所,簽證會計師1,簽證會計師2,英文簡稱,英文通訊地址,傳真機號碼,電子郵件信箱,公司網址,投資人關係聯絡人,投資人關係聯絡人職稱,投資人關係聯絡電話,投資人關係聯絡電子郵件,公司網站內利害關係人專區網址
80,6492,生華生物科技股份有限公司,生華科,生技醫療業,－,新北市新店區北新路3段225號10樓,54021973,胡定吾,郭美慧,張小萍,財務長,郭美慧,(02)89119856,101/11/16,106/04/24,新台幣 10.0000元,897436200,89743620,0,0,合併,每年,股東會,永豐金證券(股)公司股務代理部,(02)23816288,台北市博愛路17號3樓,資誠聯合會計師事務所,游淑芬,林鈞堯,SH,"10F., No. 225, Sec. 3, Peihsin Rd., Hsintien Dist.,New Taipei City, Taiwan",(02)89119956,service@senhwabiosciences.com,http://www.senhwabio.com/,邱鵬宇,投資人關係資深經理,02-89119856#203,peterchiu@senhwabio.com,http://www.senhwabio.com/tw/stakeholders
81,6496,科懋生物科技股份有限公司,科懋,生技醫療業,－,台北市南港區園區街3號14樓之6,23024594,陳澤民,陳澤民,陳銘策,財務部經理,陳佳琳,(02)2655-7568,77/07/21,105/01/07,新台幣 10.0000元,466670000,46667000,0,0,合併,每年,股東會,元富證券股份有限公司股務代理部,(02)2768-6668,台北市光復北路11巷35號B1,安侯建業聯合會計師事務所,黃伯淑,尹元聖,Excelsior,"14F-6, No.3, Park St., Nangang Dist.Taipei 11503 Taiwan",(02)2655-7916,ir@excelsiorgroup.com.tw,http://www.excelsiorgroup.com.tw,陳銘策,財務部經理,0965716496,ir@excelsiorgroup.com.tw,http://www.excelsiorgroup.com.tw/governance_3.html
82,6499,益安生醫股份有限公司,益安,生技醫療業,－,台北市士林區後港街116號7F,54150856,張有德,張有德,陳靖宜,資深協理,黃惠靖,02-28816686,101/12/22,105/07/27,新台幣 10.0000元,732040740,73204074,0,0,合併,每年,股東會,群益金鼎證券股份有限公司,02-27023999,台北市大安區敦化南路2段97號B2,資誠聯合會計師事務所,周筱姿,林玉寬,Medeon,"7F., No.116, Hougang St., Shilin Dist.Taipei City 111, Taiwan",02-28816907,IR@medeonbio.com,www.medeonbio.com,陳靖宜,資深協理,02-28816686,IR@medeonbio.com,www.medeonbio.com
83,6509,聚和國際股份有限公司,聚和,化學工業,－,高雄市大寮區潮寮里華東路28號,04243562,郭聰田,郭聰田,鄭仲生,執行副總,于雯慧,07-7887600,64/02/07,93/04/12,新台幣 10.0000元,1732041010,173204101,0,0,合併,每年,董事會,中國信託商業銀行代理部,02-6636-5566,台北市重慶南路一段83號5樓,勤業眾信聯合會計師事務所,江佳玲,許凱甯,HOPAX,"NO.28, HUA DONG ROAD, DALIAO, KAOHSIUNG 83162, TAIWAN　Kaohsiung ,Taiwan",07-7875853,investor@hopax.com.tw,www.hopax.com,鄭仲生,執行副總,07-7887600,investor@hopax.com.tw,https://www.hopax.com/zh-tw/investor/overview
84,6523,達爾膚生醫科技股份有限公司,達爾膚,生技醫療業,－,台北市中山區南京東路三段70號13樓,80167706,達爾膚投資控股股份有限公司代表人吳奕叡,李凌玲,林昱慧,財務長,吳奕叡,(02)2517-9888,92/03/10,105/06/16,新台幣 10.0000元,450476250,45047625,0,0,合併,每季,董事會,中國信託商業銀行(股)公司代理部,(02)6636-5566,台北市中正區重慶南路一段83號5樓,資誠聯合會計師事務所,黃世鈞,葉翠苗,DR.WU,"13F., No. 70, Sec. 3, Nanjing E. Rd., Zhongshan Dist.,Taipei City 104, Taiwan, R.O.C.",(02)2517-8333,ir@drwu.com,http://www.drwu.com,林昱慧,財務長,(02)2517-9888,ir@drwu.com,https://www.drwu.com/pages/investor
85,6527,明達醫學科技股份有限公司,明達醫,生技醫療業,－,桃園市桃園區中山路956巷116號,25057697,王威,莊仲平,陳惠玉,處長,莊仲平,(03)3607711,98/10/26,108/12/25,新台幣 10.0000元,242760000,24276000,0,0,個別,每年,股東會,兆豐證券股份有限公司股務代理部,(02)33930898,台北市忠孝東路二段95號1樓,安侯建業聯合會計師事務所,唐慈杰,施威銘,Crystalvue,"No.116, Ln. 956, Zhongshan Rd., Taoyuan Dist.,Taoyuan City 33072, Taiwan",(03)3607722,Shareholder@crystalvue.com.tw,http://www.crystalvue.com.tw,陳惠玉,處長,(03)3607880,Shareholder@crystalvue.com.tw,http://www.crystalvue.com.tw
86,6535,順天醫藥生技股份有限公司,順藥,生技醫療業,－,台北市南港區園區街3-2號4樓,12663974,林榮錦,林榮錦,潘麗芳,總管理處資深經理,林宜萱,02-2655-7918,89/11/13,105/09/26,新台幣 10.0000元,1629728250,162972825,32948000,0,合併,每年,股東會,群益金鼎證券股份有限公司,27035000,台北市大安區敦化南路2段97號B2,資誠聯合會計師事務所,游淑芬,鄧聖偉,LUMOSA,"4F, NO. 3-2, PARK ST., NANGANG DIST.,TAIPEI CITY, TAIWAN",02-2655-7919,spokesperson@lumosa.com.tw,www.lumosa.com.tw,潘麗芳,總管理處資深經理,02-2655-7918,02-2655-7918,www.lumosa.com.tw
87,6547,高端疫苗生物製劑股份有限公司,高端疫苗,生技醫療業,－,新竹科學工業園區新竹縣竹北市生醫三路68號,53943057,張世忠,陳燦堅,李思賢,執行副總,陳正揚,03-6684866,101/10/12,107/04/17,新台幣 10.0000元,2128865000,212886500,0,0,合併,每年,股東會,永豐金證券(股)公司股務代理部,02-23816288,100台北市博愛路段17號3樓,資誠聯合會計師事務所,林雅慧,阮呂曼玉,MVC,"No.68, Shengyi 3rd Rd., Zhubei City,Hsinchu County 30261 , Taiwan",03-6684865,ir@medigenvac.com,http://www.medigenvac.com,楊郁萍,協理,03-6684866,ir@medigenvac.com,http://www.medigenvac.com/public/investors/stakeholders
88,6569,醫揚科技股份有限公司,醫揚,生技醫療業,－,新北市新店區寶橋路235巷135號2樓,29135647,莊永順,王鳳翔,王鳳翔,總經理,楊祥芝,(02)8919-2188,99/02/02,105/12/21,新台幣 10.0000元,302613000,30261300,0,0,合併,每年,股東會,台新證券股務代理部,(02)2504-8125,台北市建國北路一段96號B1,資誠聯合會計師事務所,翁世榮,林鈞堯,onyx,"2F., No.135, Ln. 235, Baoqiao Rd.,Xindian Dist., New Taipei City 231, ROC",(02)8919-1699,speaker@onyx-healthcare.com,http://www.onyx-healthcare.com/,王鳳翔,總經理,(02)8919-2188,speaker@onyx-healthcare.com,http://www.onyx-healthcare.com/invest.php
89,6574,霈方國際股份有限公司,霈方,生技醫療業,－,台北市大安區忠孝東路四段310號6樓,80281973,呂慶盛,呂慶盛,沈慧娟,財會處副總,待補,02-2775-5566,91/10/02,106/09/04,新台幣 10.0000元,219900000,21990000,0,0,合併,每季,董事會,永豐金證券股份有限公司,02-2382-3332,台北市中正區博愛路17號3樓,資誠聯合會計師事務所,翁世榮,游淑芬,MIKOBEAUTE,"6F., No.310, Sec. 4, Zhongxiao E. Rd., Da’an Dist., Taipei City 10694, TaiwanTAIWAN",02-2775-1225,investor@mikobeaute.com,www.mikobeaute.com,沈慧娟,財會處副總,02-2775-5566#1202,investor@mikobeaute.com,www.mikobeaute.com
90,6576,逸達生物科技股份有限公司,逸達,生技醫療業,－,台北市南港區三重路19-3號9樓之2,54165507,簡銘達,簡銘達,詹孟恭,財務長,黃若華,(02)77500188,102/02/08,107/06/29,新台幣 10.0000元,1175516950,117551695,1200000,0,合併,每年,董事會,中國信託商業銀行代理部,(02)66365566,台北市中正區重慶南路一段83號5樓,資誠聯合會計師事務所,鄧聖偉,顏裕芳,Foresee,"9F-2., No.19-3, Sanchong Rd., Nangang Dist.,Taipei City 115, Taiwan (R.O.C.)",(02)77500199,info@foreseepharma.com,www.foreseepharma.com,黃若華,內部稽核主管,(02)7750-0188,ir@foreseepharma.com,http://www.foreseepharma.com/investors/2
91,6589,台康生技股份有限公司,台康生技,生技醫療業,－,新北市汐止區康寧街169巷101號,54150737,李重和,劉理成,劉理成,總經理,張志榮,(02)7708-0123,101/12/21,108/06/28,新台幣 10.0000元,3002317380,300231738,55000000,0,合併,每年,董事會,凱基證券股份有限公司股務代理部,(02)2389-2999,台北市重慶南路一段2號5樓,資誠聯合會計師事務所,鄧聖偉,顏裕芳,EirGenix,"No.101, Lane 169, Kangning St., Xizhi Dist.New Taipei City 22180, Taiwan (R.O.C.)",(02)7708-1666,IR@eirgenix.com,http://www.eirgenix.com,楊秀權,財務長,(02)7708-0123,IR@eirgenix.com,http://www.eirgenix.com
92,6612,應用奈米醫材科技股份有限公司,奈米醫材,生技醫療業,－,新竹縣竹北市生醫路2段16號4樓,28113167,樂亦宏,William Lee,朱詩愷,董事長特助,陳丹荔,03-6579530,100/07/14,107/07/18,新台幣 10.0000元,339699000,33969900,0,0,合併,每年,董事會,台新綜合證券(股)公司股務代理部,(02)2504-8125,台北市建國北路一段96號地下一樓,安侯建業聯合會計師事務所,傅泓文,吳美萍,ICARES,"4F, No16, Sec.2, Sheng Yi RoadZhubei, Hsinchu 30261 Taiwan, R.O.C.",03-6579533,ir@icaresmedicus.com,www.icaresmedicus.com,朱詩愷,董事長特助,03-6579530,ir@icaresmedicus.com,www.icaresmedicus.com
93,6615,慧智基因股份有限公司,慧智,生技醫療業,－,台北市中正區重慶南路1段66之1號4樓之2,53710986,蘇怡寧,洪加政,洪加政,總經理,張伏見,(02)2382 6615,101/06/15,107/01/22,新台幣 10.0000元,212616000,21261600,0,0,合併,每年,董事會,福邦證券股份有限公司股務代理部,(02)2371-1658,10041台北市中正區忠孝西路一段6號6樓,資誠聯合會計師事務所,蕭春鴛,黃世鈞,SOFIVA,"4F.-2, No. 66-1, Sec. 1, Chongqing S. Rd., Zhongzheng Dist.,Taipei City 100, Taiwan (R.O.C.)",(02)2382 6612,IR@sofiva.com.tw,http://www.sofivagenomics.com.tw,張伏見,財務處長,(02)2382 6615,IR@sofiva.com.tw,http://www.sofivagenomics.com.tw
94,6649,台灣生醫材料股份有限公司,台生材,生技醫療業,－,新竹科學園區新竹縣竹北市生醫路一段188號1樓,54008079,林志茂,王文熙,王文熙,總經理,李允泉,03-6683088,101/11/12,108/06/05,新台幣 10.0000元,330000000,33000000,0,0,合併,每年,董事會,元大證券股務代理部,02-25865859,台北市大同區承德路三段210號B1,安侯建業聯合會計師事務所,黃海寧,呂倩慧,TWBM,"1F., No. 188, Sec. 1, Shengyi Rd.,Hsinchu Science Park,Zhubei City,Hsinchu County,Taiwan,R.O.C",03-6683099,investor@twbm.com.tw,www.twbm.com.tw,王文熙,總經理,03-6683088,investor@twbm.com.tw,無
95,公司代號,公司名稱,公司簡稱,產業類別,外國企業註冊地國,住址,營利事業統一編號,董事長,總經理,發言人,發言人職稱,代理發言人,總機電話,成立日期,上櫃日期,普通股每股面額,實收資本額(元),已發行普通股數或TDR原發行股數,私募普通股(股),特別股(股),編製財務報告類型,普通股盈餘分派或虧損撥補頻率,普通股年度(含第4季或後半年度)現金股息及紅利決議層級,股票過戶機構,過戶電話,過戶地址,簽證會計師事務所,簽證會計師1,簽證會計師2,英文簡稱,英文通訊地址,傳真機號碼,電子郵件信箱,公司網址,投資人關係聯絡人,投資人關係聯絡人職稱,投資人關係聯絡電話,投資人關係聯絡電子郵件,公司網站內利害關係人專區網址
96,6661,威健股份有限公司,威健生技,生技醫療業,－,台北市南港區園區街3號12樓,80158777,陳富鈐,陳富鈐,陳盈任,管理處副總經理,方韶瓏,(02)66160001,92/01/30,110/01/27,新台幣 10.0000元,233042480,23304248,0,0,合併,每年,董事會,兆豐證券股務代理部,(02)33930898,台北市忠孝東路二段95號,勤業眾信聯合會計師事務所,陳文香,蘇郁琇,WELGENE,"12F., No.3, Park St., Nangang Dist.,Taipei City 115, Taiwan (R.O.C.)",(02)26557569,80158777@welgene.com.tw,http：//www.welgene.com.tw,陳盈任,管理處副總經理,(02)66160001,80158777@welgene.com.tw,http：//www.welgene.com.tw
97,6662,樂斯科生物科技股份有限公司,樂斯科,生技醫療業,－,台北市南港區重陽路316號2樓,12862410,陳振忠,陳永豪,張鐳耀,總經理室特助,陳永煥,02-26518669,90/05/10,108/03/26,新台幣 10.0000元,256124000,25612400,0,0,個別,每年,股東會,中國信託商業銀行 代理部,02-66365566,台北市中正區重慶南路一段83號5樓,勤業眾信聯合會計師事務所,陳慧銘,池瑞全,BioLASCO,"2F., No. 316, Chongyang Rd.,Nangang Dist., Taipei City 11573, Taiwan",02-26518969,investor@biolasco.com.tw,www.biolasco.com.tw,張鐳耀,總經理室特助,02-26518669,investor@biolasco.com.tw,www.biolasco.com.tw
98,6703,軒郁國際股份有限公司,軒郁,生技醫療業,－,台北市松山區復興北路311號7樓,24347235,胡蕙郁,楊尚軒,陳慧玲,行政管理處副總,林佳雯,02-8712-1319,98/05/18,109/10/20,新台幣 10.0000元,208000000,20800000,0,0,合併,每年,董事會,福邦證券股份有限公司股務代理部,02-2371-1658,台北市中正區忠孝西路一段6號6樓,安永聯合會計師事務所,涂嘉玲,余倩如,SHINY,"7F., No.311, Fuxing N. Rd., Songshan Dist.Taipei City 105, Taiwan (R.O.C.)",02-8712-1656,IR@shinybrands.com,https://www.shinybrands.com/,陳慧玲,行政管理處副總,02-8712-1319,irenechen@shinybrands.com,https://www.shinybrands.com/investor-stock3/
99,6712,長聖國際生技股份有限公司,長聖,生技醫療業,－,中部科學工業園區臺中市大雅區科雅路30號4樓,60274720,劉銖淇,黃文良,李友錚,副總經理,李柏嶔,04-23252888,105/12/06,110/01/08,新台幣 10.0000元,618180000,61818000,0,0,個別,每年,股東會,元富證券股份有限公司股務代理部,02-27686668,台北市松山區光復北路11巷35號B1,安永聯合會計師事務所,陳明宏,黃子評,Ever Supreme,"4F., No.30, Keya Rd., Daya Dist.Taichung City, Taiwan (R.O.C.)",04-23258666,service@ever-supreme.com.tw,www.ever-supreme.com.tw,李柏嶔,財務經理,04-23252888,service@ever-supreme.com.tw,www.ever-supreme.com.tw
100,6733,博晟生醫股份有限公司,博晟生醫,生技醫療業,－,台北市南港區園區街3之2號4樓,42404010,陳德禮,陳德禮,李伯偉,協理,趙叔威,02-26558366,105/07/07,110/01/28,新台幣 10.0000元,1030760260,103076026,0,0,合併,每年,股東會,群益金鼎證券(股務代理部),02-27035000,台北市大安區敦化南路二段97號B2,資誠聯合會計師事務所,周筱姿,林玉寬,BioGend,"4F, No.3-2, Yuang St.Nangang DistrictTaipei City, Taiwan, R.O.C.",02-26558367,ir@biogend.com.tw,https://www.biogend.com.tw/,趙叔威,財務長,02-26558366,ir@biogend.com.tw,https://www.biogend.com.tw/
101,6747,亨泰光學股份有限公司,亨泰光,生技醫療業,－,臺北市士林區承德路四段150號6樓之1、152號6樓之1,04342697,吳泰雄,吳怡璁,葉珠吟,財會中心協理,楊昇旻,02-28801778,65/05/01,110/01/19,新台幣 10.0000元,241890000,24189000,0,0,合併,每年,股東會,永豐金證券股份有限公司,02-23816288,台北市中正區博愛路17號3樓,勤業眾信聯合會計師事務所,楊承修,虞成全,BTOX,"6F-1. No.150, Section 4, Chengde Road, Shilin DistrictTaipei City, R.O.C.",02-28821389,SP@brightenoptix.com,http://www.brightenoptix.com.tw/,葉珠吟,財會中心協理,02-28801778,SP@brightenoptix.com,http://www.brightenoptix.com.tw/
102,6762,達亞國際股份有限公司,達亞,生技醫療業,－,桃園市龜山區南上路239號,27491562,張有德,許雅雯,魏鴻文,副總經理,周秀育,(03) 311-6588,93/11/16,109/12/18,新台幣 10.0000元,215743680,21574368,0,0,個別,每年,股東會,中國信託商業銀行代理部,(02)6636-5566,台北市重慶南路一段83號5樓,資誠聯合會計師事務所,周筱姿,林玉寬,Delta Asia,"No. 239, Nanshang Rd., Guishan Dist.,Taoyuan City 333014, Taiwan, R.O.C.",(03) 311-6589,IR@deltaasia.com.tw,https://www.deltaasia.com.tw/,魏鴻文,副總經理,(03) 311-6588,IR@deltaasia.com.tw,https://www.deltaasia.com.tw/
103,6767,台灣微創醫療器材股份有限公司,台微醫,生技醫療業,－,新竹科學園區新竹縣竹北市生醫路2段26號1樓,25098389,梁晃千,梁晃千,蘇義鈞,協理,蔡婷婷,03-6107168,98/12/29,110/01/25,新台幣 10.0000元,291090000,29109000,0,0,合併,每年,股東會,凱基證券,02-23892999,台北市中正區重慶南路一段2號5樓,勤業眾信聯合會計師事務所,曾棟鋆,吳少君,Wiltrom,"1F., No.26, Sec. 2, Shengyi Rd.Zhubei City, 30261, Taiwan (R.O.C.)",03-6580006,service@wiltrom.com.tw,http://wiltrom.com.tw,蘇義鈞,協理,03-6107168,service@wiltrom.com.tw,http://wiltrom.com.tw/big5/investor6.php
104,8279,生展生物科技股份有限公司,生展,生技醫療業,－,台南市新營區開元路154號A棟,16130471,陳威仁,陳威仁,吳介尊,總經理特別助理,卓秀玲,(06)6323588,88/04/28,105/09/26,新台幣 10.0000元,271008510,27100851,0,0,合併,每年,董事會,群益金鼎證券股務代理部,(02)2702-3999,台北市大安區敦化南路二段97號B2,資誠聯合會計師事務所,田中玉,林永智,SYNGEN,"Building A, NO.154,Kai-Yuan Road,Hsin-Ying(730), Tainan, Taiwan",(06)6361964,service@syngen.com.tw,http://www.syngen.com.tw,吳介尊,總經理特別助理,(06)6323588,wu.jesse@syngen.com.tw,http://www.syngen.com.tw/contact_us.html
105,8403,盛弘醫藥股份有限公司,盛弘,生技醫療業,－,桃園市經國路168號19樓,80563852,楊弘仁,劉慶文,何偉光,副總經理,李鴻益,03-3469595,92/11/04,100/03/01,新台幣 10.0000元,1143258680,114325868,0,0,合併,每年,股東會,群益金鼎證券股份有限公司,02-2702-3999,台北市敦化南路二段97號B2,安侯建業聯合會計師事務所,寇惠植,郭欣頤,SHAREHOPE,"19F., No. 168, Jingguo Rd.,Taoyuan 330,Taiwan",03-3164312,sharehope@share-hope.com,www.share-hope.com,李鴻益,副總經理,02-33221589,hungyi9@gmail.com,http://www.share-hope.com/
106,8406,"Ginko International Co., Ltd.",金可-KY,生技醫療業,KY 開曼群島,台中市大雅區科雅二路8號,39660325,蔡國洲,蔡國源,張泰榕,財務副總,姚琇碧,04-25658333,96/06/11,101/04/27,新台幣 10.0000元,970729960,97072996,0,0,合併,每年,股東會,永豐金證券(股)公司股務代理部,02-23816288,台北市博愛路17號3樓,安侯建業聯合會計師事務所,許育峰,梅元貞,GINKO,"No.8, Keya 2nd Rd., Daya DistTaichung City, Taiwan",04-25658336,ginkointernational@ginko.com.tw,www.ginkointernational.com.tw,姚琇碧,經理,04-25658333,cindyyao@ginko.com.tw,http://www.ginkointernational.com.tw/stakeholder_tw.php?id=2114
107,8409,商之器科技股份有限公司,商之器,生技醫療業,－,(11493)台北市內湖路一段516號5樓,22743619,盤龍,盤龍,陳迪智,策略長,邱國維,(02)8751-4567,77/01/19,102/11/25,新台幣 10.0000元,320000000,32000000,0,0,合併,每年,股東會,華南永昌綜合證券股份有限公司,(02)2718-6425,台北市105民生東路4段54號4樓,勤業眾信會計師事務所,龔則立,楊清鎮,EBM,"5Fl., No.516, sec.1,Neihu Rd.Taipei 114,Taiwan",(02)8751-3300,public@ebmtech.com,www.ebmtech.com,陳迪智,策略長,(02)8751-4567,derek@ebmtech.com,www.ebmtech.com
108,8432,東生華製藥股份有限公司,東生華,生技醫療業,－,台北市南港區園區街3之1號3樓之1,53093421,林全,楊思源,劉心陽,總管理處副總兼發言人,廖朝仁,02-26558525,99/09/01,101/04/30,新台幣 10.0000元,383981400,38398140,0,0,個別,每年,股東會,群益金鼎證券股份有限公司,02-2702-3999,台北市敦化南路2段97號B2,安侯建業聯合會計師事務所,池世欽,曾國禓,TSH,"3F-1,No.3-1, Park St., Nangang Dist.,Taipei,Taiwan, R.O.C.",02-26558526,tsh@tshbiopharm.com,http://www.tshbiopharm.com,劉心陽,總管理處副總兼發言人,02-2655-8525,Sean_ liu@tshbiopharm.com,http://www.tshbiopharm.com/stock.html
109,8436,大江生醫股份有限公司,大江,生技醫療業,－,(11494)台北市內湖區港墘路187號8樓,12292039,林詠翔,林詠翔,李東維,經理,邱俊穎 、黃千恬,(02)8797-7811,69/08/22,102/09/12,新台幣 10.0000元,1182398300,118239830,0,0,合併,每年,股東會,富邦綜合證券(股)公司股務代理部,(02)2361-1300,台北市中正區許昌街17號2樓,資誠聯合會計師事務所,徐明釧,支秉鈞,TCI,"8F, NO.187 Kang Chien Rd.,Taipei , Taiwan R.O.C",(02)7720-6691,ir@tci-bio.com,www.tci-bio.com,李東維,經理,(02)8797-7811,ir@tci-bio.com,http://www.tci-bio.com/investor_f_about.html
