,公司代號,公司名稱,公司簡稱,產業類別,外國企業註冊地國,住址,營利事業統一編號,董事長,總經理,發言人,發言人職稱,代理發言人,總機電話,成立日期,興櫃日期,普通股每股面額,實收資本額(元),已發行普通股數或TDR原發行股數,私募普通股(股),特別股(股),編製財務報告類型,普通股盈餘分派或虧損撥補頻率,普通股年度(含第4季或後半年度)現金股息及紅利決議層級,股票過戶機構,過戶電話,過戶地址,簽證會計師事務所,簽證會計師1,簽證會計師2,英文簡稱,英文通訊地址,傳真機號碼,電子郵件信箱,公司網址,投資人關係聯絡人,投資人關係聯絡人職稱,投資人關係聯絡電話,投資人關係聯絡電子郵件,公司網站內利害關係人專區網址
0,1271,晨暉生物科技股份有限公司,晨暉生技,生技醫療業,－,台北市內湖區行愛路139號,28708250,李家榮,潘佳岳,曾騰賢,副總經理,鄭元菖,(02)2792-9568,96/09/10,110/01/18,新台幣 10.0000元,331345940,33134594,0,0,合併,每年,股東會,富邦綜合證券(股)公司股務代理部,(02)2361-1300,台北市中正區許昌街17號2樓,資誠聯合會計師事務所,林雅慧,徐聖忠,SunWay,"No.139, Xing'ai Rd., Neihu DistrictTaipei City, Taiwan (R.O.C.)",(02)2792-9566,ir@sunway.cc,www.sunway.cc,－,－,－,－,www.sunway.cc
1,1780,立弘生化科技股份有限公司,立弘,生技醫療業,－,(106)台北市敦化南路二段71號13樓,12971536,楊正利,林清輝,楊幸慧,協理,楊子萱,27030209,90/12/25,99/04/29,新台幣 10.0000元,951518320,95351340,0,0,合併,每年,股東會,群益金鼎證券股份有限公司,27023999,台北市敦化南路二段97號B2,資誠聯合會計師事務所,徐聖忠,林雅慧,ABC,"13TH FL.,NO71 SEC.2 TUN-HWA SOUTH ROAD.TAIPEI.10682 TAIWAN, R.O.C",27030289,eyang@altratene.com,www.altratene.com,－,－,－,－,無
2,3184,微邦科技股份有限公司,微邦,生技醫療業,－,桃園市八德區茄苳里1鄰茄苳路756號,97454724,李欣,劉天來,劉天來,總經理,洪珮瑩,(03)376-7555,86/05/12,102/04/18,新台幣 10.0000元,802745000,80274500,29700000,0,合併,每年,股東會,凱基證券股份有限公司,(02)2389-2999,台北市重慶南路一段2號5樓,安永聯合會計師事務所,余倩如,陳智忠,MBTC,"No.756, Jiadong Rd.Bade Dist, Taoyuan City, Taiwan",(03)376-7557,mktcom@microbase.com.tw,www.microbase.com.tw,－,－,－,－,www.microbase.com.tw
3,4117,普生股份有限公司,普生,生技醫療業,－,(30076)新竹科學園區創新一路6號,47299918,林宗慶,林孟德,林孟德,總經理,曹恩榮,(03)5779221,73/06/11,91/07/04,新台幣 10.0000元,598243700,59824370,10000000,0,合併,每年,股東會,第一金證券股份有限公司,02-25635711,臺北市大安區安和路一段27號六樓,資誠聯合會計師事務所,江采燕,林玉寬,GBC,"#6,INNOVATION FIRST ROAD,SCIENCE-BASED PARK,HSIN CHU,TAIWAN,R.O.C",(03)5779227,frank.lin@gbc.com.tw,www.gbc.com.tw,－,－,－,－,www.gbc.com.tw
4,4132,國鼎生物科技股份有限公司,國鼎,生技醫療業,－,(25170)新北市淡水區中正東路二段27之6號15樓,80280616,劉勝勇,蘇經天,曾木增,財務長,葉燦舉,0228086006,91/09/27,99/05/26,新台幣 10.0000元,1422270000,142227000,18195000,0,合併,每年,股東會,中國信託商業銀行股份有限公司,(02)6636-5566,台北市中正區重慶南路一段83號5樓,安侯建業聯合會計師事務所,寇惠植,郭欣頤,GBC,"15F., NO.27-6, Sec.2, Zhung Zheng E. Rd., Tamsui Dist., New Taipei City, 251New Taipei, Taiwan",0228086007,service@goldenbiotech.com,www.goldenbiotech.com,－,－,－,－,beijing@goldenbiotech.com
5,4136,英屬開曼太和生技集團(股)公司,太和-KY,生技醫療業,KY 開曼群島,台北市松山區敦化北路170號4樓,43172002,郭靖凱,郭靖凱,郭靖婷,副總經理,吳聖照,02-27181808,97/01/02,105/01/27,新台幣 10.0000元,282968950,28296895,0,0,合併,每年,股東會,宏遠證券股務代理部,02-2326-8818,台北市信義路四段236號3樓,資誠聯合會計師事務所,林瑟凱,王方瑜,Thai Ho,"4F,No.170, Dunhua N.Rd.,Songshan Dist.,Taipei City 10548,Taiwan",02-27181838,ir@thaiho.com,www.thaiho.com,－,－,－,－,www.thaiho.com
6,4150,優你康光學股份有限公司,優你康,生技醫療業,－,(30075)新竹科學園區新竹縣工業東九路16號,86723722,林明政,林明政,張家銘,特助,吳佩芬,03-5775586,81/06/18,99/09/15,新台幣 10.0000元,1472176720,147217672,0,0,合併,每年,股東會,群益金鼎證券股務代理部,(02)27023999,台北市大安區敦化南路二段97號B2,資誠聯合會計師事務所,鄭雅慧,林玉寬,UNICON,"NO.16 Gogye E. 9th Rd., Hsinchu Science Park ,Hsinchu County, 30075 Taiwan",03-5777868,stock@uniconvision.com.tw,http://www.unicon.com.tw,－,－,－,－,service@uniconvision.com.tw
7,4151,明躍國際健康科技股份有限公司,明躍,生技醫療業,－,彰化縣埔心鄉瑤鳳路一段398號,70527203,吳樹曜,吳樹曜,吳橞潣,總營運處副總,許明裕,04-8299998,89/06/12,99/12/08,新台幣 10.0000元,500257450,50025745,0,0,合併,每年,股東會,兆豐證券股份有限公司,(02)3393-0898,台北市中正區忠孝東路2段95號3F,國富浩華聯合會計師事務所,黃千真,楊貞瑜,Strength Master,"No.398, Sec. 1, Yaofeng Rd., Puxin Township,Changhua County 51344, Taiwan (R.O.C.)",04-8299958,financial@strengthmaster.com,www.strengthmastergroup.com,－,－,－,－,www.strengthmastergroup.com
8,4166,友霖生技醫藥股份有限公司,友霖,生技醫療業,－,(10656)台北市大安區復興南路一段368號2樓,28924399,蔡正弘,張啟泰,張啟泰,總經理,陳佳盈,(02)2325-7621,97/02/01,101/06/15,新台幣 10.0000元,1870028310,187002831,0,0,合併,每年,股東會,康和綜合證券股份有限公司,(02)8787-1888,台北市信義區基隆路一段176號B1,勤業眾信聯合會計師事務所,吳怡君,方涵妮,OP,"2F, NO.368, SEC.1, FU-HSING S RD.TAIPEI, TAIWAN,ROC",(02)2755-0656,op@oppharma.com,www.oppharma.com,－,－,－,－,www.oppharma.com
9,4169,泰宗生物科技股份有限公司,泰宗,生技醫療業,－,(221)新北市汐止區新台五路一段97號24樓之8,16307131,徐煥清,王雅俊,王雅俊,總經理,楊舒雅,02-26972628,87/02/20,101/05/07,新台幣 10.0000元,475922880,47592288,0,0,合併,每年,董事會,中國信託商業銀行代理部,02-66365566,台北市中正區重慶南路一段83號3樓,資誠聯合會計師事務所,林雅慧,徐永堅,TCM,"24F-8, No.97, Sec. 1, Xintai 5th Rd., Xizhi DistNew Taipei City , Taiwan (R.O.C.)",02-26972772,4169@tcmbio.com,http://www.tcmbio.com/,－,－,－,－,http://www.tcmbio.com/tw/#!/investor/inv4/
10,4172,因華生技製藥股份有限公司,因華,生技醫療業,－,(114)台北市內湖區瑞光路478巷20號9樓、22號9樓,27964549,林智暉,郝為華,郝為華,總經理,王威德,02-87977607,94/10/27,101/09/13,新台幣 10.0000元,867190000,86719000,0,0,個別,每年,股東會,元大證券(股)公司股務代理部,02-25865859,台北市承德路三段210號B1,資誠聯合會計師事務所,游淑芬,林玉寬,InnoPharmax,"9F.,No.20,9F.,No.22,Lane 478,Rueiguang Rd.Neihu District, Taipei,Taiwan,R.O.C.",02-87975627,investor@innopharmax.com,www.innopharmax.com.tw,－,－,－,－,investor@innopharmax.com
11,4186,台灣尖端先進生技醫藥(股)公司,尖端醫,生技醫療業,－,(10663)台北市復興南路二段363號5樓,70774029,蘇文龍,蘇文龍,蘇文龍,董事長,劉哲嘉,(02)2692-6222,89/05/25,101/11/27,新台幣 10.0000元,900000000,90000000,0,0,個別,每年,股東會,統一綜合證券(股)公司股務代理部,(02)2746-3797,(10570)台北市松山區東興路8號B1樓,安侯建業聯合會計師事務所,許育峰,梅元貞,TABP,"(22180)12F., No.25, Ln. 169, Kangning St., Xizhi DistNew Taipei City ,221,Taiwan(R.O.C)",(02)2692-6229,lung@biotest.com.tw,http://www.biotest.com.tw,－,－,－,－,http://www.biotest.com.tw
12,4191,法德生技藥品股份有限公司,法德藥,生技醫療業,－,新北市中和區連城路236號5樓之1,28853599,詹惠如,詹惠如,詹惠如,總經理,翟星玫,02-2223-1552,97/03/21,102/07/08,新台幣 10.0000元,710020680,71002068,2313668,0,合併,每年,股東會,凱基證券股份有限公司股務代理部,02-2389-2999,台北市重慶南路一段2號5樓,安侯建業聯合會計師事務所,呂莉莉,尹元聖,PHD,"5F.-1, No.236, Liancheng Rd., Zhonghe District,New Taipei City 235, Taiwan (R.O.C.)",02-2223-1526,public@pharmadax.com,http://www.pharmadax.com,－,－,－,－,
13,4194,禾伸堂生技股份有限公司,禾生技,生技醫療業,－,台北市內湖區內湖路一段88號4樓,12681706,唐錦榮,吳宗忠,楊晴華,營運管理處副總經理,吳宗忠,0287975966,90/01/18,102/12/13,新台幣 10.0000元,1227384000,122738400,0,0,合併,每年,董事會,中國信託商業銀行代理部,02-66365566,台北市重慶南路一段83號5樓,安侯建業聯合會計師事務所,許明芳,陳蓓琪,HSHC,"4F, No. 88, Sec. 1, Neihu Rd., Neihu Dist.,Taipei, Taiwan, R.O.C.",0226279729,raymondyang@hshc.com.tw,www.hshc.com.tw,－,－,－,－,www.hshc.com.tw
14,4195,基龍米克斯生物科技股份有限公司,基米,生技醫療業,－,新北市汐止區新台五路一段100號14樓,12953452,周孟賢,江俊奇,江俊奇,總經理,許嘉如,2696-1658,90/10/16,102/12/16,新台幣 10.0000元,578916730,57891673,0,0,合併,每年,董事會,元富證券股務代理部,2768-6668,台北市松山區光復北路11巷35號B1,勤業眾信聯合會計師事務所,虞成全,陳重成,Genomics,"14F.,No.100,Sec.1,Xintai 5th Rd.,Xizhi Dist.,New Taipei City 221 .Taipei Taiwan",2696-1589,ir@genomics.com.tw,www.genomics.com.tw,－,－,－,－,www.genomics.com.tw
15,公司代號,公司名稱,公司簡稱,產業類別,外國企業註冊地國,住址,營利事業統一編號,董事長,總經理,發言人,發言人職稱,代理發言人,總機電話,成立日期,興櫃日期,普通股每股面額,實收資本額(元),已發行普通股數或TDR原發行股數,私募普通股(股),特別股(股),編製財務報告類型,普通股盈餘分派或虧損撥補頻率,普通股年度(含第4季或後半年度)現金股息及紅利決議層級,股票過戶機構,過戶電話,過戶地址,簽證會計師事務所,簽證會計師1,簽證會計師2,英文簡稱,英文通訊地址,傳真機號碼,電子郵件信箱,公司網址,投資人關係聯絡人,投資人關係聯絡人職稱,投資人關係聯絡電話,投資人關係聯絡電子郵件,公司網站內利害關係人專區網址
16,4197,暐世生物科技股份有限公司,暐世,生技醫療業,－,新竹市中華路六段335號,28031449,戴鏗碩,戴鏗碩,吳瑞斌,財務部協理,張治平,(03)518-1918,94/11/15,102/10/24,新台幣 10.0000元,301809250,30180925,0,0,合併,每年,股東會,元大證券股份有限公司,(02)2586-5859,台北市承德路三段210號B1、B2,勤業眾信聯合會計師事務所,劉書琳,施錦川,VIS,"No.335, Sec. 6, Zhonghua Rd.,Hsinchu City 30094, Taiwan",(03)518-1908,ir@visgeneer.com.tw,http://www.visgeneer.com.tw,－,－,－,－,
17,4732,彥臣生技藥品股份有限公司,彥臣,生技醫療業,－,(105)台北市松山區八德路三段36號6樓,12676817,黃中洋,董事長暫代,楊玉玲,財務長,賴函君,(02)2570-6300,89/12/29,96/12/25,新台幣 10.0000元,492900000,49290000,0,0,合併,每年,股東會,群益金鼎證券(股)公司股務代理部,(02)2702-3999,台北市大安區敦化南路二段97號B2,資誠聯合會計師事務所,鄧聖偉,顏裕芳,NBM,"6F., No.36, Sec. 3, Bade Rd.,Songshan Dist., Taipei City 105, Taiwan",(02)2570-6108,info@naturewise.com.tw,https://www.naturewiseppls.com/,－,－,－,－,https://www.naturewiseppls.com/investor-holdings/
18,4771,望隼科技股份有限公司,望隼,生技醫療業,－,苗栗縣竹南鎮公義里友義路66號3樓,53764125,黃修權,石安,張伯榮,業務處處長,李幸娟,(037)582900,101/05/10,110/11/02,新台幣 10.0000元,520077000,52007700,0,0,合併,每年,股東會,凱基證券股份有限公司股務代理部,(02)2389-2999,台北市中正區重慶南路一段2號5樓,勤業眾信聯合會計師事務所,劉裕祥,王兆群,VF,"3F, No.66,Youyi.Rd.,Kuan-Yuan Technology Park,Zhunan TownshipMiaoli County 35059, Taiwan (R.O.C.)",(037)582600,ir@vizionfocus.com,http://www.vizionfocus.com,－,－,－,－,http://www.vizionfocus.com
19,6493,雷虎生技股份有限公司,雷虎生,生技醫療業,－,台中市西屯區工業區六路七號2樓,53835304,陳冠如,蘇聖傑,黃圳樟,副總經理,張祐綾,0423595958,101/04/19,104/01/08,新台幣 10.0000元,240500000,24050000,0,0,個別,每季,董事會,元大證券股份有限公司,0225865859,10366台北市大同區承德路三段210號地下一樓,國富浩華聯合會計師事務所,蔡淑滿,李青霖,TTBIO,"2F,NO.7,6TH ROAD,INDUSTRY PARKTAICHUNG,TAIWAN R.O.C",0423594196,688@ttbio.com,www.ttbio.com,－,－,－,－,www.ttbio.com
20,6518,康科特股份有限公司,康科特,生技醫療業,－,新北市板橋區文化路一段266號12樓,25029519,劉靜怡,劉靜怡,劉福安,財務長,陳靜蘭,02-22545079,98/09/10,104/05/13,新台幣 10.0000元,250000000,25000000,0,0,合併,每年,股東會,元富證券股份有限公司,02-27686668,台北市松山區光復北路11巷35號地下一樓,資誠聯合會計師事務所,馮敏娟,吳漢期,Concordmed,"12F., No.266, Sec. 1, Wenhua Rd., Banqiao Dist.New Taipei City, Taiwan (ROC)",02-22512600,service@concordmed.com.tw,http://www.concordmed.com.tw,－,－,－,－,不適用
21,6539,麗彤生醫科技股份有限公司,麗彤,生技醫療業,－,台北市內湖區行愛路77巷63號6樓,53350764,張麗綺,李依芸,何明峰,財務長,張家綺,0227911826,100/06/21,104/10/15,新台幣 10.0000元,602613210,60261321,0,0,合併,每半會計年度,董事會,宏遠證券股份有限公司股務代理部,0277198899,台北市大安區信義路四段236號3樓,資誠聯合會計師事務所,徐明釧,支秉鈞,DV,"6F., No.63, Ln77, Xing'ai Rd., Neihu Dist.,Taipei, Taiwan (R.O.C.)",0227911756,info@dvbiomed.com,http://www.dvbiomed.com,－,－,－,－,https://www.dvbiomed.com/intro/detail/279
22,6543,普惠醫工股份有限公司,普惠醫工,生技醫療業,－,彰化縣北斗鎮大新里新工一路100號,23243578,東大發資產管理(股)公司 代表人:葉錫宜,陳宏仁,葉雅彤,財會主管,陳宏仁,04-8887998,78/04/17,108/03/27,新台幣 10.0000元,391800000,39180000,0,0,合併,每年,股東會,宏遠證券股份有限公司股務代理部,02-2326-8818,10680 台北市大安區信義路四段236號3樓,安永聯合會計師事務所,黃宇廷,涂清淵?,PF,"NO. 100, SHIN GONG 1 RD.PEI DOU ZHEN, CHANG HWA HSIEN, TAIWAN",04-8877313,emily@pwuhui.com.tw,http://www.perfectmedical.com.tw,－,－,－,－,http://www.perfectmedical.com.tw
23,6549,景凱生物科技股份有限公司,景凱,生技醫療業,－,新竹縣竹北市生醫路二段2號D207室,53394159,石英珠,袁鴻昌,袁鴻昌,總經理,莊欣惠,03-6587721,100/05/02,104/10/21,新台幣 10.0000元,751220000,75122000,0,0,個別,每年,股東會,富邦綜合證券股份有限公司,02-23611300,台北市許昌街17號2樓,勤業眾信聯合會計師事務所,陳明煇,方蘇立,TaiwanJ,"Rm. D207, No.2, Sec. 2, Shengyi Rd.,Zhubei City, Hsinchu County 302, Taiwan",03-6587787,info@taiwanj.com,http://taiwanj.com,－,－,－,－,無
24,6550,北極星藥業集團股份有限公司,北極星藥業-KY,生技醫療業,KY 開曼群島,"P.O. Box 309, Ugland House,Grand Cayman, KY1-1104, Cayman",24792045,陳鴻文,陳紹琛,林維源,副總經理,黃藍瑩,02-2656-2727,95/02/09,105/02/15,新台幣 10.0000元,7188351090,718835109,307065000,0,合併,每年,股東會,中國信託商業銀行代理部,02- 6636-5566,台北市重慶南路一段83號5樓,資誠聯合會計師事務所,梁嬋女,簡汎亞,PG,"2F-1, NO.298, Ruiguang Rd., Neihu DistTaipei, Taiwan",02-2656-2626,ir@polarispharma.com,www.polarispharma.com,－,－,－,－,無
25,6562,聯亞藥業股份有限公司,聯亞藥,生技醫療業,－,新竹縣湖口鄉光復北路45號,24626617,陳啟祥,陳啟祥,范瀛云,行政管理中心執行副總,許孟涵,03-5977676,103/07/31,110/06/23,新台幣 10.0000元,1053485330,105348533,0,0,合併,每年,股東會,永豐金證券股份有限公司,(02)2381-6288,100台北市中正區博愛路17號3樓,資誠聯合會計師事務所,劉倩瑜,林玉寬,UBIP,"No.45, Guangfu N. Rd., Hukou Township,Hsinchu County 30351, Taiwan",03-5981173,PR@ubi-pharma.com,http://www.ubi-pharma.com,－,－,－,－,http://www.ubi-pharma.com
26,6564,安特羅生物科技股份有限公司,安特羅,生技醫療業,－,台北市大安區敦化南路2段76號18樓之2,54665910,留忠正,張哲瑋,張哲瑋,總經理,楊青芬,02-27001216,103/01/10,107/09/18,新台幣 10.0000元,600000000,60000000,0,0,個別,每年,股東會,康和綜合證券(股)公司,02-87871118,台北市基隆路1段176號地下一樓,資誠聯合會計師事務所,劉美蘭,徐建業,ENIM,"18F.-2, No. 76, Sec. 2, Dunhua S. Rd., Da’an Dist., Taipei CityTaiwan (R.O.C.)",02-27063121,stock@enimmune.com.tw,www.enimmune.com.tw,－,－,－,－,www.enimmune.com.tw
27,6566,創益生技股份有限公司,創益,生技醫療業,－,台北市南港區園區街3-1號4樓A室,53226196,賴其相,簡重光,簡重光,總經理,吳昌民,02-2655-7339,100/04/28,105/01/20,新台幣 10.0000元,339356370,33935637,6963637,0,合併,每年,股東會,元大證券(股)公司股務代理部,02-2586-5859,台北市大同區承德路三段210號B1,安侯建業聯合會計師事務所,韓沂璉,池世欽,CYB,"Rm.A,4F., No.3-1, Park St., Nangang Dist.,Taipei City 115, Taiwan",02-2655-7338,IR@cybiotech.com.tw,http://www.cybiotech.com.tw/index.php,－,－,－,－,http://www.cybiotech.com.tw/investor-stakes.php
28,6572,博錸生技股份有限公司,博錸,生技醫療業,－,臺北市內湖區陽光街351號6樓之1,24489199,曹汀,曹汀,葉麗碧,首席財務長,黃勤修,26275878,98/12/17,105/02/26,新台幣 10.0000元,1036495100,103649510,33113000,0,合併,每年,股東會,元大證券股份有限公司,(02)25865859,台北市承德路三段210號地下一樓,資誠聯合會計師事務所,顏裕芳,鄧聖偉,PlexBio,"6F-1,No.351,Yangguang St., Neihu Dist.,Taipei City,11491.Taiwan",26275979,contact@plexbio.com,www.plexbio.com,－,－,－,－,http://www.plexbio.com.tw/about.aspx?unitid=4&lang=zh
29,6575,心悅生醫股份有限公司,心悅,生技醫療業,－,新北市汐止區新台五路一段99號20F-10,54179072,蔡果荃,蔡果荃,姜志翰,副總經理,顏怡真,02-77422699,102/04/02,105/01/29,新台幣 10.0000元,1208794920,120879492,8465212,0,合併,每年,股東會,台新證券股務代理部,02-25048125,台北市建國北路一段96號地下一樓,安永聯合會計師事務所,余倩如,陳智忠,SyneuRx,"20F.-10, No.99, Sec. 1, Xintai 5th Rd., Xizhi Dist.New Taipei City, Taiwan",02-26972629,spokesman@syneurx.com,www.syneurx.com,－,－,－,－,無
30,6580,台睿生物科技股份有限公司,台睿,生技醫療業,－,台北市南港區三重路66號6樓之1,53529570,林群,簡督憲,朱伊文,資深副總經理,黃仕旗,(02)2653-5007,100/08/22,106/06/20,新台幣 10.0000元,892269080,89226908,3825000,0,合併,每年,股東會,元大證券股份有限公司股務代理部,(02)2586-5859,台北市大同區承德路三段210號B1,勤業眾信聯合會計師事務所,趙永祥,鄭欽宗,TaiRx,"6F-1, No. 66, San-Chung Road, Nankang Business ParkTaipei, Taiwan",(02)2653-5008,contact@trx.com.tw,https://www.trx.com.tw/,－,－,－,－,https://www.trx.com.tw/
31,公司代號,公司名稱,公司簡稱,產業類別,外國企業註冊地國,住址,營利事業統一編號,董事長,總經理,發言人,發言人職稱,代理發言人,總機電話,成立日期,興櫃日期,普通股每股面額,實收資本額(元),已發行普通股數或TDR原發行股數,私募普通股(股),特別股(股),編製財務報告類型,普通股盈餘分派或虧損撥補頻率,普通股年度(含第4季或後半年度)現金股息及紅利決議層級,股票過戶機構,過戶電話,過戶地址,簽證會計師事務所,簽證會計師1,簽證會計師2,英文簡稱,英文通訊地址,傳真機號碼,電子郵件信箱,公司網址,投資人關係聯絡人,投資人關係聯絡人職稱,投資人關係聯絡電話,投資人關係聯絡電子郵件,公司網站內利害關係人專區網址
32,6586,醣基生醫股份有限公司,醣基,生技醫療業,－,台北市南港區研究院路一段130巷99號7樓,54170142,陳肇隆,陳肇隆(暫代),陳肇隆(暫代),董事長,周依蓓,02-26558059,102/03/08,106/09/27,新台幣 10.0000元,1839185000,183918500,0,0,合併,每季,股東會,兆豐證券股份有限公司,02-33930898,100台北市中正區忠孝東路二段95號1樓,勤業眾信聯合會計師事務所,趙永祥,郭政弘,CHO,"7F., No. 99, Ln. 130, Sec. 1, Academia Rd., Nangang Dist.Taipei 11571, Taiwan",02-26558069,cho@chopharma.com.tw,www.chopharma.com,－,－,－,－,www.chopharma.com
33,6610,安成生物科技股份有限公司,安成生技,生技醫療業,－,台北市內湖區港墘路221巷41號8樓,25147136,吳怡君,翁竹君,翁竹君,總經理,盧威書,02-26571788,99/07/16,105/12/27,新台幣 10.0000元,674343950,67434395,0,0,個別,每年,股東會,中國信託商業銀行代理部,02-66365566,臺北市中正區重慶南路一段83號5樓,資誠聯合會計師事務所,鄧聖偉,游淑芬,TWi Biotech.,"8F, No.41, Lane 221, Kang Chien Rd.,Nei Hu Dist., Taipei 11494, Taiwan",02-26570270,info.tw@twibiotech.com,www.twibiotech.com,－,－,－,－,www.twibiotech.com
34,6617,共信醫藥科技控股股份有限公司,共信-KY,生技醫療業,KY 開曼群島,"P.O.Box 32052, Grand Cayman KY1-1208, Cayman Islands",42486336,吳崇漢,林懋元,林懋元,總經理,胡威男,02-2503-5282,103/03/27,106/02/08,新台幣 10.0000元,1099141000,109914100,0,0,合併,每年,股東會,永豐金證券股務代理部,02-2381-6288,臺北市博愛路17號3樓,資誠聯合會計師事務所,鄧聖偉,林玉寬,Gongwin,"3F, No. 80, Sec. 1, Jianguo North Road, Zongshan Dist.Taipei , Taiwan",02-2503-5281,share@gongwinbiopharm.com,www.gongwinbiopharm.com,－,－,－,－,建置中
35,6620,漢達生技醫藥股份有限公司,漢達,生技醫療業,－,南部科學園區 臺南市新市區南科三路23號3樓之1、3樓之2,24546157,劉芳宇,陳俊良,陳俊良,總經理,邱瓊儀,065057508,103/05/08,105/12/28,新台幣 10.0000元,1221300000,122130000,0,0,合併,每年,董事會,宏遠證券股份有限公司股務代理部,02-23268818,台北市大安區信義路四段236號,勤業眾信聯合會計師事務所,黃秀椿,吳世宗,Handa Pharma,"3F-1&3F-2, No23, Nanke 3rd Rd.,Xinshi Dist.,Tainan City 74147,Taiwan",065057502,IR@handapharma.com.tw,http://www.handapharma.com.tw,－,－,－,－,http://www.handapharma.com.tw
36,6621,華宇藥品股份有限公司,華宇藥,生技醫療業,－,台北市內湖區舊宗路二段171巷17號3樓,70680851,陳正,王愈善,王愈善,總經理,盧宜佑,(02)2658-2577,88/12/23,106/08/18,新台幣 10.0000元,355010000,35501000,0,0,個別,每年,股東會,第一金證券股份有限公司,(02)2563-5711,台北市大安區安和路一段27號6樓,資誠聯合會計師事務所,周筱姿,劉倩瑜,UniPharma,"3F., No.17, Ln. 171, Sec. 2, Jiuzong Rd., Neihu Dist.,Taipei City 114, Taiwan (R.O.C.)",(02)2658-3977,ir@uni-pharma.com,http://www.uni-pharma.com/,－,－,－,－,http://www.uni-pharma.com/
37,6633,萊鎂醫療器材股份有限公司,萊鎂醫,生技醫療業,－,新竹縣竹北市生醫路二段22號5樓,25181598,陳仲竹,陳仲竹,陳仲竹,執行長,黃振寧,03-5509623,99/03/17,106/05/09,新台幣 10.0000元,429385000,41938500,1400000,1000000,合併,每年,股東會,統一綜合證券,02-27463797,台北市松山區東興路8號B1,資誠聯合會計師事務所,蕭春鴛,周筱姿,Somnics,"5F, No.22, Sec.2, Shengyi Rd.Zhubei City,Hsinchu Country,Taiwan,R.O.C",03-5503633,Investor_Relations@somnics.com,www.somnics.com,－,－,－,－,無
38,6634,欣耀生醫股份有限公司,欣耀,生技醫療業,－,台北市南港區研究院路一段130巷99號C棟C516室,54727599,朱凱民,朱凱民,朱凱民,董事長兼總經理,熊正輝,02-27885365,103/06/18,106/06/29,新台幣 10.0000元,690087500,69008750,0,0,個別,每年,董事會,兆豐證券股份有限公司,02-33930898,100台北市中正區忠孝東路二段95號1樓,資誠聯合會計師事務所,游淑芬,林玉寬,SINEW,"C516, Building C, No.99, Lane 130, Sec.1, Academia Rd., Nangang Dist.Taipei City 115, Taiwan(R.O.C.)",02-27885382,info@sinewpharma.com,www.sinewpharma.com,－,－,－,－,www.sinewpharma.com
39,6637,醫影股份有限公司,醫影,生技醫療業,－,台北巿信義區忠孝東路五段510號19樓之2,86700973,謝穗徽,謝穗徽,車昕穎,財務長,何嘉娣,02-27279535,81/05/07,106/06/26,新台幣 10.0000元,214500000,21450000,0,0,合併,每年,股東會,永豐金證券股份有限公司,(02)2381-6288,台北市中正區博愛路17號3樓,安侯建業聯合會計師事務所,吳美萍,楊樹芝,MIC,"19F.-2, No.510, Sec. 5, Zhongsiao E. Rd., Xinyi Dist., Taipei CityTaiwan(R.O.C)",02-27271655,mic.tw@msa.hinet.net,http://www.mic-tw.com,－,－,－,－,http://www.mic-tw.com
40,6645,金萬林企業股份有限公司,金萬林,生技醫療業,－,新北市汐止區新台五路一段97號30樓,27348877,陳惠娥,陳惠娥,楊文明,財務長,吳佩珊,(02)26976888,93/08/06,106/08/18,新台幣 10.0000元,310000000,31000000,0,0,合併,每年,股東會,華南永昌綜合證券股份有限公司,(02)27186425,臺北市松山區民生東路四段54號4樓,資誠聯合會計帥事務所,黃金連,王照明,KIM FOREST,"30F., No.97, Sec. 1, Xintai 5th Rd., Xizhi Dist.,New Taipei City 221, Taiwan (R.O.C.)",(02)26976777,mgt@kimforest.com,www.kimforest.com,－,－,－,－,http://www.kimforest.com/index.php?action=investors
41,6652,雅祥生技醫藥股份有限公司,雅祥生醫,生技醫療業,－,台北市松山區民生東路三段135號6樓,27570215,張鴻仁,黃金鼎,黃金鼎,總經理,張婉雅,(02)2718-5128,94/03/16,107/08/29,新台幣 10.0000元,1370000000,137000000,0,0,合併,每年,股東會,元大證券股份有限公司,(02)2586-5859,台北市承德路三段210號地下一樓,資誠聯合會計師事務所,游淑芬,林玉寬,Eusol Bio,"6F.,No.135, Sec.3, Minsheng E. Rd., Songshan Dist.Taipei City,Taiwan(R.O.C.)",(02)2718-3118,IR@eusol.com.tw,http://www.eusol.com.tw,－,－,－,－,http://www.eusol.com.tw
42,6657,華安醫學股份有限公司,華安,生技醫療業,－,台北市瑞光路583巷21號6樓之3,53726093,邱壬乙,陳翰民,江銘燦,副總經理,林俊材,(02)2627-0835,101/08/28,107/08/08,新台幣 10.0000元,663710000,66371000,9909000,0,個別,每年,股東會,中國信託商業銀行代理部,(02)6636-5566,臺北市中正區重慶南路一段83號5樓,勤業眾信聯合會計師事務所,葉淑娟,黃國寧,ENERGENESIS,"6F.-3, No.21, Ln.583, Ruiguang Rd.,Neihu Dist., Taipei 11492, Taiwan",(02)2627-0836,EB@energenesis-biomedical.com,http://www.energenesis-biomedical.com,－,－,－,－,http://www.energenesis-biomedical.com
43,6665,康聯生醫科技股份有限公司,康聯生醫,生技醫療業,－,臺北市中正區忠孝東路1段54號5樓,24291669,吳良襄,吳良襄,黃美玉,資深經理,周娜慈,02-55696199,98/01/10,106/11/23,新台幣 10.0000元,456653830,45665383,0,0,合併,每年,董事會,福邦證券股份有限公司股務代理部,02-23711658,台北市中正區忠孝西路一段6號6樓,資誠聯合會計師事務所,徐聖忠,徐永堅,HEALTHCONN,"5F., No.54, Sec. 1, Zhongxiao E. Rd., Zhongzheng Dist.Taipei City, Taiwan",02-55696142,investors@healthconn.com,https://www.healthconn.com,－,－,－,－,https://www.healthconn.com
44,6677,瑩碩生技醫藥股份有限公司,瑩碩生技,生技醫療業,－,台北市中山區南京東路2段206號8樓之3,80207616,王建治,顏麟權,陳志賢,財會處處長,李文龍,02-25042121,92/04/10,107/06/27,新台幣 10.0000元,481635000,48163500,0,0,合併,每年,董事會,凱基證券股份有限公司股務代理部,02-23892999,10044 台北市中正區重慶南路一段2號5樓,資誠聯合會計師事務所,游淑芬,顏裕芳,Anxo,"8F-3, No.206, Sec. 2, Nanking E. Rd.,Taipei City 104, Taiwan (R.O.C.)",02-25084245,Investor@anxo.com.tw,http://www.anxo.com.tw,－,－,－,－,http://www.anxo.com.tw
45,6696,仁新醫藥股份有限公司,仁新,生技醫療業,－,臺北市信義區忠孝東路5段68號12樓,43814765,林雨新,林雨新,林雨新,董事長暨執行長,莊(日+告)淵,02-87805008,105/05/12,107/10/08,新台幣 10.0000元,689895000,68989500,0,0,合併,每年,董事會,福邦證券股份有限公司,02-2383-6888,台北市中正區忠孝西路一段6 號6 樓,勤業眾信聯合會計師事務所,張鼎聲,吳怡君,LBS,"12F, No.68, Sec.5, Zhongxiao E. Rd., Xinyi Dist.Taipei City 11065, Taiwan",02-87805038,info@linbioscience.com,http://www.linbioscience.com/tw/,－,－,－,－,http://www.linbioscience.com/tw/im/news
46,6709,昱厚生技股份有限公司,昱厚生技,生技醫療業,－,台北市內湖區內湖路一段308號6樓,28403068,陳璧榮,徐悠深,徐悠深,總經理兼研發長,陳璧榮,27970073,95/09/19,107/11/29,新台幣 10.0000元,492030000,49203000,0,0,個別,每年,股東會,元大證券股份有限公司,02)2586-5859,台北市大同區承德路3段210號B1,資誠聯合會計師事務所,潘慧玲,鄧聖偉,Advagene,"6F,NO 308, Sec.1,Neihu Rd, Niehu DistTaipei City, Taiwan",27970083,advagene@advagene.com.tw,www.advagene.com.tw,－,－,－,－,www.advagene.com.tw
47,公司代號,公司名稱,公司簡稱,產業類別,外國企業註冊地國,住址,營利事業統一編號,董事長,總經理,發言人,發言人職稱,代理發言人,總機電話,成立日期,興櫃日期,普通股每股面額,實收資本額(元),已發行普通股數或TDR原發行股數,私募普通股(股),特別股(股),編製財務報告類型,普通股盈餘分派或虧損撥補頻率,普通股年度(含第4季或後半年度)現金股息及紅利決議層級,股票過戶機構,過戶電話,過戶地址,簽證會計師事務所,簽證會計師1,簽證會計師2,英文簡稱,英文通訊地址,傳真機號碼,電子郵件信箱,公司網址,投資人關係聯絡人,投資人關係聯絡人職稱,投資人關係聯絡電話,投資人關係聯絡電子郵件,公司網站內利害關係人專區網址
48,6730,常廣股份有限公司,常廣,生技醫療業,－,台中市大甲區工一路29號,80722654,陳政宏,陳正雄,陳正雄,總經理,邱文國,04-26820767,93/03/09,108/11/08,新台幣 10.0000元,320007680,32000768,0,0,合併,每年,董事會,第一金證券股份有限公司,02-25635711,台北市大安區安和路一段27號六樓,安侯建業聯合會計師事務所,郭士華,吳俊源,LAGIS,"No.29,Gong 1st Rd.,DajiaTaichung City,Taiwan(R.O.C)",04-26820766,finance@lagis.com.tw,http://www.lagis.com.tw,－,－,－,－,http://www.lagis.com.tw
49,6734,安盛生科股份有限公司,安盛生,生技醫療業,－,台北市內湖區基湖路35巷2弄9號6樓,53927676,Peter Fitzgerald,陳彥宇,廖及均,行銷副總,林佳欣,87511335,101/08/30,108/06/28,新台幣 10.0000元,523779100,52377910,2941177,0,合併,每年,股東會,群益金鼎證券股份有限公司,27035000,台北市大安區敦化南路2段97號B2,資誠聯合會計師事務所,蕭春鴛,周筱姿,iXensor,"6F., No. 9, Aly. 2, Ln. 35, Jihu Rd., Neihu Dist.Taipei City, R.O.C.",87518059,info@ixensor.com,www.ixensor.com,－,－,－,－,www.ixensor.com
50,6744,豐技生物科技股份有限公司,豐技生技,生技醫療業,－,台北市中正區紹興北街5號5樓之1,86704393,吳春成,張宏名,林佩宜,副總經理,呂美珍,02-23519800,81/05/12,108/09/25,新台幣 10.0000元,154000000,15400000,0,0,個別,每年,董事會,兆豐證券股份有限公司股務代理部,02-33930898,台北市中正區忠孝東路二段95號1樓,資誠聯合會計師事務所,葉翠苗,吳郁隆,FCB,"5F.-1, No.5, Shaoxing N.St., Zhongzheng Dist.Taipei City 10049, Taiwan (R.O.C.)",02-23219527,fengchi2@ms69.hinet.net,http://www.fcbiotech.com.tw,－,－,－,－,http://www.fcbiotech.com.tw
51,6748,亞果生醫股份有限公司,亞果生醫,生技醫療業,－,高雄市路竹區路科二路57號2樓,54562029,謝達仁,謝達仁,謝達仁,董事長兼總經理,趙立玲,07-6955569,103/06/26,110/07/27,新台幣 10.0000元,354331980,35433198,0,0,合併,每年,股東會,凱基證券股份有限公司股務代理部,02-23892999,台北市重慶南路一段2號5樓,資誠聯合會計師事務所,林永智,劉子猛,ACRO Biomedical,"2nd Fl., No. 57, Luke 2nd Rd., Lujhu Dist.Kaohsiung City 82151, Taiwan R.O.C.",07-6955069,service@acrobiomedical.com,www.acrobiomedical.com,－,－,－,－,
52,6758,冠亞生技股份有限公司,冠亞,生技醫療業,－,新北市永和區成功路一段80號20樓,12873063,林延生,趙悅因,趙悅因,總經理,廖偉展,02-2926-7088,90/06/15,109/01/02,新台幣 10.0000元,134710400,13471040,0,0,合併,每年,股東會,日盛證券股份有限公司,02-2541-9977,104 台北市中山區南京東路二段85號7樓,安永聯合會計師事務所,馬君廷,黃建澤,ASA,"20F, No 80 , Section 1, Chenggong Road, Yonghe District, New Taipei City 23452New Taipei City, Taiwan",02-2926-8807,ir@aspine.com.tw,http://www.aspine.com.tw,－,－,－,－,http://www.aspine.com.tw
53,6782,視陽光學股份有限公司,視陽,生技醫療業,－,桃園市龜山區興業街1號,16693062,李重儀,李重儀,李重儀,董事長兼總經理,鄭佩青,03-3596868,87/11/09,109/08/14,新台幣 10.0000元,547266660,54726666,0,0,合併,每半會計年度,董事會,台新證券股務代理部,(02)2504-8125,台北市建國北路一段96號地下一樓,安侯建業聯合會計師事務所,唐慈杰,張惠貞,VISCO,"No.1, Xingye St. Guishan Dist.Taoyuan City 33341, Taiwan (R.O.C.)",03-3490202,ir@viscovision.com.tw,www.viscovision.com.tw,－,－,－,－,無
54,6785,昱展新藥生技股份有限公司,昱展新藥,生技醫療業,－,台中市西屯區科園路19號312室,52310651,林東和,文永順,文永順,總經理,康宇寧,04-24637115,105/09/23,109/10/05,新台幣 10.0000元,570000000,57000000,0,0,個別,每年,股東會,台新證券股務代理部,(02)2504-8125,台北市中山區建國北路1段96號B1,勤業眾信聯合會計師事務所,鄭欽宗,趙永祥,Alar,"Rm. 312, No. 19, Keyuan Rd., Xitun Dist.Taichung City, Taiwan (R.O.C.)",04-22569658,alar@alarpharm.com,www.alarpharm.com,－,－,－,－,www.alarpharm.com
55,6794,向榮生醫科技股份有限公司,向榮生技,生技醫療業,－,台北市內湖區行愛路77巷65號6樓,50753953,蔡意文,洪懿珮,蔡意文,董事長,陳沛琳,(02)2792-2699,107/03/28,109/12/25,新台幣 10.0000元,377747500,37774750,0,0,合併,每年,股東會,宏遠證券股份有限公司股務代理部,(02)7719-8899,臺北市信義路四段236號3樓,資誠聯合會計師事務所,周筱姿,賴宗羲,UnicoCell,"6F., NO.65, LN. 77, XING-AI RD., NEIHU DIST.,TAIPEI CITY 11494, TAIWAN (R.O.C.)",(02)2792-7890,info@unicocell.com,https://www.unicocell.com,－,－,－,－,https://www.unicocell.com
56,6796,晉弘科技股份有限公司,晉弘,生技醫療業,－,新竹科學園區新竹市東區工業東四路24-2號3樓,28113005,鄭竹明,鄭竹明,鄭竹明,總經理,柯惠友,03-5798860,99/08/05,110/04/16,新台幣 10.0000元,300061550,30006155,0,0,合併,每年,股東會,凱基證券股務代理部,02-23892999,10044台北市中正區重慶南路一段2號5樓,資誠聯合會計師事務所,李典易,劉倩瑜,MiiS,"3F, No.24-2, Industry E. Rd. IV, Hsinchu Science Park,Hsinchu, Taiwan 30077, R.O.C.",03-5798011,ir@miis.com.tw,http://www.miis.com.tw,－,－,－,－,http://www.miis.com.tw
57,6797,台灣圓點奈米技術股份有限公司,圓點奈米,生技醫療業,－,桃園市龜山區樂善里文禾路188號6樓,27312189,章季芸,簡建興,簡建興,總經理,羅伊評,03-316-7568,93/04/22,109/11/05,新台幣 10.0000元,232569840,23256984,0,0,合併,每年,股東會,富邦綜合證券(股)公司股務代理部,02-2361-1300,台北市中正區許昌街17號2樓,資誠聯合會計師事務所,吳偉豪,李燕娜,TAN,"6F., No. 188, Wenhe Rd., Guishan Dist.Taoyuan City 330, Taiwan",03-317-3369,ir@tanbead.com,https://www.tanbead.com,－,－,－,－,https://www.tanbead.com
58,6808,三鼎生物科技股份有限公司,三鼎生技,生技醫療業,－,新北市汐止區新台五路一段99號21樓之3,24782320,歐耿良,歐耿良,黃瑞雯,財務部副總經理,林淑華,02-26971270,103/12/26,109/12/25,新台幣 10.0000元,539700000,53970000,0,0,個別,每年,董事會,台新證券股務代理部,02-25048125,臺北市建國北路一段96號地下一樓,勤業眾信聯合會計師事務所,林安惠,邱盟捷,3D BIO,"21F.-3, No. 99, Sec. 1, Xintai 5th Rd., Xizhi Dist.New Taipei City 221, Taiwan",02-26971272,3dg01@3dglobalbiotech.com.tw,www.3dglobalbiotech.com.tw,－,－,－,－,www.3dglobalbiotech.com.tw
59,6810,新穎生醫股份有限公司,新穎生醫,生技醫療業,－,新竹縣竹北市台元街18號6樓之1,24613916,凱悅資產管理有限公司指派人張泰銘,曾錙翎,曾錙翎,總經理,陳華軒,(03)560-1816,103/06/25,110/08/30,新台幣 10.0000元,305155000,30515500,0,0,個別,每年,股東會,台新證券股務代理部,(02)2504-8125,台北市中山區建國北路一段96號B1,資誠聯合會計師事務所,江采燕,周筱姿,BPMbiotech,"6F-1, No. 18 Taiyuan St.Zhubei City, Hsinchu County, Taiwan",(03)560-1916,ir@bpmbiotech.com,https://www.bpmbiotech.com,－,－,－,－,0
60,6814,路迦生醫股份有限公司,路迦生醫,生技醫療業,－,台北市大安區信義路四段265巷2號3樓,54318905,唐稚超,劉朝安,唐稚超,董事長,劉鶯敏,02-29500027,102/12/26,109/12/31,新台幣 10.0000元,328743710,32874371,0,0,合併,每年,股東會,群益金鼎證券股份有限公司,02-27035000,台北市大安區敦化南路二段97號B2,安侯建業聯合會計師事務所,余聖河,黃泳華,LUKAS,"3F., No. 2, Ln. 265, Sec. 4, Xinyi Rd., Da’an Dist.,Taipei City 106, Taiwan (R.O.C)",02-29500106,service@lukas-biomedical.com,https://www.lukas-bio.com.tw/,－,－,－,－,https://www.lukas-bio.com.tw/
61,6815,晶鑽生醫股份有限公司,晶鑽生醫,生技醫療業,－,台北市大安區復興南路二段45號11樓,24771301,賴柏如,謝佳憲,謝佳憲,總經理,鄭皓文,02-2755-3320,103/11/26,110/01/29,新台幣 10.0000元,213896250,21389625,0,0,合併,每年,董事會,富邦綜合證券(股)公司,02-2361-1300,台北市中正區許昌街17號2樓,資誠聯合會計師事務所,阮呂曼玉,林雅慧,Diamond,"11F., No. 45, Sec. 2, Fuxing S. Rd., Da’an Dist.Taipei City 106, Taiwan (R.O.C.)",02-2755-3326,ir@diamond-biotechnology.com,http://www.diamond-biotechnology.com/,－,－,－,－,http://www.diamond-biotechnology.com/
62,6817,溫士頓醫藥股份有限公司,溫士頓,生技醫療業,－,臺南市永康區鹽洲里仁愛街117號,72082135,張世忠,王又正,王又正,總經理,陳怡菁,06-2533124,64/07/09,110/02/24,新台幣 10.0000元,184170000,18417000,0,0,合併,每年,股東會,群益金鼎證券(股)公司股務代理部,02-27035000,台北市大安區敦化南路二段97號B2,資誠聯合會計師事務所,林雅慧,阮呂曼玉,WINSTON,"NO.117,Ren'ai St., Yongkang Dist.,Tainan City 710 Taiwan",06-2533116,mis@winston.com.tw,https://www.winston.com.tw/,－,－,－,－,
63,公司代號,公司名稱,公司簡稱,產業類別,外國企業註冊地國,住址,營利事業統一編號,董事長,總經理,發言人,發言人職稱,代理發言人,總機電話,成立日期,興櫃日期,普通股每股面額,實收資本額(元),已發行普通股數或TDR原發行股數,私募普通股(股),特別股(股),編製財務報告類型,普通股盈餘分派或虧損撥補頻率,普通股年度(含第4季或後半年度)現金股息及紅利決議層級,股票過戶機構,過戶電話,過戶地址,簽證會計師事務所,簽證會計師1,簽證會計師2,英文簡稱,英文通訊地址,傳真機號碼,電子郵件信箱,公司網址,投資人關係聯絡人,投資人關係聯絡人職稱,投資人關係聯絡電話,投資人關係聯絡電子郵件,公司網站內利害關係人專區網址
64,6827,巨生生醫股份有限公司,巨生醫,生技醫療業,－,新竹縣竹東鎮中興路四段195號,24765568,蔣為峰,王先知,王先知,總經理,邱奕翔,03-591-0360,103/11/07,110/10/19,新台幣 10.0000元,575959030,57595903,0,0,個別,每年,股東會,富邦綜合證券股務代理部,02-2361-1300,台北市中正區許昌街17號2樓,安侯建業聯合會計師事務所,郭欣頤會計師,寇惠植會計師,MPB,"No.195, Sec.4, Chung Hsing Rd., Chutung,Hsinchu, 31040, Taiwan, R.O.C",03-591-0441,ir@megaprobio.com,http://www.megaprobio.com,－,－,－,－,http://www.megaprobio.com
65,6838,台新藥股份有限公司,台新藥,生技醫療業,－,台北市復興北路57號8樓之6,53273211,程正禹,程正禹,林如芸,財務長,朱宇琴,(02)27557659,99/12/06,110/10/07,新台幣 10.0000元,988321000,98832100,0,0,合併,每年,股東會,凱基證券(股)公司股務代理部,(02)23892999,台北市中正區重慶南路一段2號5樓,資誠聯合會計師事務所,顏裕芳,游淑芬,FRMSP,"8F-6, No. 57, Fuxing N. Rd.,Taipei City",(02)27553023,ir@formosapharma.com,www.formosapharma.com,－,－,－,－,www.formosapharma.com
66,6841,長佳智能股份有限公司,長佳智能,生技醫療業,－,臺中市西區臺灣大道二段573號8樓I室,50824681,陳明豐,陳明豐,徐國偉,資訊長,王帝皓,04-2321-3838,107/06/28,110/09/14,新台幣 10.0000元,900000000,90000000,0,0,個別,每年,股東會,元富證券股份有限公司股務代理部,02-27686668,台北市松山區光復北路11巷35號B1,安永聯合會計師事務所,陳明宏,黃子評,EFAI,"Rm. I, 8F., No. 573,Sec. 2, Taiwan Blvd.,West Dist.Taiwan Taichung City",04-23222727,service@everfortuneai.com.tw,https://www.everfortuneai.com.tw/,－,－,－,－,https://www.everfortuneai.com.tw/
67,6844,諾貝兒寶貝股份有限公司,諾貝兒,生技醫療業,－,高雄市三民區大昌二路87號,16115725,張振興,許王伸,許耀鴻,副總經理,朱傑瑜,07-7356888,86/10/08,110/11/12,新台幣 10.0000元,300424400,30042440,0,0,個別,每年,股東會,台新證券股務代理部,02-25048125,台北市中山區建國北路一段96號B1,安侯建業聯合會計師事務所,楊博任,許振隆,NORBEL,"NO.87, TACHANG 2ND RD.,KAOHSIUNG TAIWAN R.O.C.",07-7356777,norbel@norbelbaby.com.tw,https://www.norbelbaby.com.tw,－,－,－,－,無
68,6847,普瑞博生技股份有限公司,普瑞博,生技醫療業,－,新竹科學園區新竹縣工業東九路11號2樓,42770331,陳彥文,陳彥文,陳彥文,總經理,丁懷謙,03-6687199,105/01/27,110/11/05,新台幣 10.0000元,142300000,14230000,0,0,個別,每年,股東會,中國信託商業銀行代理部,02-66365566,台北市中正區重慶南路一段83號5樓,安永聯合會計師事務所,郭紹彬,邱琬茹,PURIBLOOD,"2F, No.11, Gongye E. 9th RdBaoshan Township, Hsinchu County,Taiwan",03-6687299,info@puriblood.com,https://puriblood.com,－,－,－,－,https://puriblood.com
69,6848,拉法生醫股份有限公司,拉法醫,生技醫療業,－,新北市中和區橋和路15號15樓,28089461,卓明偉,卓明偉,卓明偉,董事長兼總經理,卓君勇,(02)89121200,95/02/07,110/10/25,新台幣 10.0000元,117960000,11796000,0,0,合併,每半會計年度,董事會,中國信託商業銀行代理部,(02)23111838,台北市中正區重慶南路一段 83 號 5 樓,安侯建業聯合會計師事務所,王怡文,郭冠纓,RBC,"15F., No.15, Qiaohe Rd.Zhonghe Dist., New Taipei City, Taiwan",(02)89121300,spokesman@rbcbioscience.com,https://www.rbcbioscience.com/,－,－,－,－,https://www.rbcbioscience.com/
70,6850,光鼎生物科技股份有限公司,光鼎生技,生技醫療業,－,新北市新店區民權路108之3號4樓,27352652,蔡守冠,蔡守冠,柳雲(峰),市場總監,紀賢良,02-2218-8726,93/08/16,110/11/10,新台幣 10.0000元,220000000,22000000,0,0,合併,每年,股東會,永豐金證券股務代理部,02-2381-6288,台北市博愛路17號3樓,資誠聯合會計師事務所,周筱姿,林玉寬,BIOPTIC,"4F., No.108-3,Minquan Rd., Xindian Dist.,New Taipei City, Taiwan (R.O.C.)",02-2218-8727,info@bioptic.com.tw,https://www.bioptic.com.tw,－,－,－,－,https://www.bioptic.com.tw
71,6857,宏碁智醫股份有限公司,宏碁智醫-新,生技醫療業,－,新北市汐止區新台五路1段86號7樓,69442662,張瑞川,許銀雄,許銀雄,總經理,蘇惠娟,02-26960366,107/04/25,110/10/27,新台幣 10.0000元,120000000,12000000,0,0,個別,每年,股東會,凱基證券股份有限公司股務代理部,(02)2389-2999,台北市中正區重慶南路一段2號5樓,勤業眾信聯合會計師事務所,邱盟捷,鄭旭然,Acer Medical,"7F., No. 86, Sec. 1, Xintai 5th Rd.Xizhi Dist., New Taipei City",02-26960377,Ir.amed@acer-medical.com,https://www.acer-medical.com/,－,－,－,－,https://www.acer-medical.com/
72,6861,睿生光電股份有限公司,睿生光電,生技醫療業,－,南部科學園區臺南市新市區環西路二段2號B室,69764396,楊柱祥,李志聖,李志聖,總經理,駱建郎,(06)700-7238,108/04/02,110/11/30,新台幣 10.0000元,349845000,34984500,0,0,合併,每年,股東會,元大證券股份有限公司股務代理部,(02)2586-5859,台北市大同區承德路三段210號B1,勤業眾信聯合會計師事務所,翁雅玲,邵志明,INCX,"Room B, No.2, Sec. 2, Huansi Rd., Sinshih District, Tainan Science ParkTainan City, Taiwan",(06)700-7238,IR@innocare-x.com,http://www.innocare-x.com,－,－,－,－,http://www.innocare-x.com
73,6864,元樟生物科技股份有限公司,元樟生技,生技醫療業,－,高雄市新興區民生一路247號9樓之3,42814751,蔡宜儒,蔡宜儒,蔡宜儒,總經理,許麗玉,07-2237578,107/04/02,110/12/29,新台幣 10.0000元,250000000,25000000,0,0,個別,每年,股東會,華南永昌綜合證券 股務代理部,02-27186425,台北市民生東路4段54號4樓,安永聯合會計師事務所,陳政初,洪國森,A.M.S.,"9 F.-3, NO. 247, MINSHENG 1ST RD., XINXING DIST.,KAOHSIUNG CITY 80046, TAIWAN (R.O.C.)",07-2233622,liyu4517@gmail.com,https://www.ams-bioteq.com/,－,－,－,－,https://www.ams-bioteq.com/list/cate-280290.htm
74,7427,華上生技醫藥股份有限公司,華上生醫,生技醫療業,－,台北市南港區園區街3號17樓,54179426,陳嘉南,陳嘉南,趙月秀,副總經理,黃盈彰,02-77220388,102/04/03,110/07/08,新台幣 10.0000元,225749850,22574985,0,0,個別,每年,股東會,元富證券股份有限公司股務代理,02-27686668,臺北市光復北路11巷35號B1樓,安永聯合會計師事務所,林素雯,黃建澤,GNTbm,"17F No.3 Park St., Nangang Dist.,Taipei City Taiwan",02-77220799,info@gntbm.com.tw,http://www.gntbm.com.tw,－,－,－,－,http://www.gntbm.com.tw/tw/about3.html
75,7555,美萌科技股份有限公司,美萌,生技醫療業,－,台南市新市區環東路一段31巷22號2樓,24251218,魏聰哲,魏聰哲,魏聰哲,總經理,魏佑臻,06-5053939,97/10/20,109/11/27,新台幣 10.0000元,205250260,20525026,0,0,個別,每年,股東會,群益金鼎證券股份有限公司,02-27035000,台北市大安區敦化南路二段97號B2,富鋒聯合會計師事務所,吳金地,戴維良,MEM,"2F., No.22, Lane 31, Sec.1, Huandong Rd.Xinshi Dist., Tainan City 74146, Taiwan",06-5051212,info@memdental.com,www.memdental.com,－,－,－,－,www.memdental.com
76,7561,光晟生物科技股份有限公司,光晟生技,生技醫療業,－,屏東縣長治鄉神農東路21-3號,27219254,呂春美,呂春美,郭正順,財會主管,楊晴,08-7626868,94/03/02,109/07/06,新台幣 10.0000元,268852620,26885262,673,0,合併,每年,股東會,台新證券股務代理部,02-25048125,台北市中山區建國北路一段96號B1,安永聯合會計師事務所,李芳文,陳政初,Bioray Biotech,"No. 21-3, Shennong E. Rd., Changzhi Township,Pingtung County 908, Taiwan",08-7623751,investor@bio-ray.com.tw,http://www.bio-ray.com.tw,－,－,－,－,http://www.bio-ray.com.tw
77,7595,世基生物醫學股份有限公司,世基生醫,生技醫療業,－,台北市內湖區舊宗路2段171巷17號4樓,27953682,陳錦澤,詹富慧,詹富慧,總經理,陳冠志,(02)2798-5885,94/09/28,109/12/22,新台幣 10.0000元,434650000,43465000,0,0,合併,每年,股東會,元富證券股份有限公司股務代理部,(02)2768-6668,台北市松山區光復北路11巷35號B1,資誠聯合會計師事務所,黃金連,王照明,Pharmigene,"4F., No. 17, Ln. 171, Sec. 2, Jiuzong Rd., Neihu Dist.Taipei City 11494, Taiwan(R.O.C)",(02)2627-5069,service@pharmigene.com,www.pharmigene.com.tw,－,－,－,－,0
